"en_name","jp_name","jp_name_normalized"
"Water & Dark Armored Dragons","水と闇の機甲龍","水と闇の機甲龍"
"Fire! Fire!! Fire!!! 2","火！火！火！！ 2","火火火2"
"Holy Night Saint - SuperBlessed","聖夜神 超祝福","聖夜神超祝福"
"Hunter in the Desert 2","砂上のハンター 2","砂上のﾊﾝﾀ-2"
"Water Blood and Red Eyes","水皿と赤目","水皿と赤目"
"None Shall Pass","立ちふさがる者","立ちふさがる者"
"Blue Cove - Legend","蒼の海窟 地獄級","蒼の海窟地獄級"
"Soaring Star Dragon - Mythical","沖天の星龍 超地獄級","沖天の星龍超地獄級"
"Room of Twin Fish","双魚の間","双魚の間"
"Starlight Path - Universe","星降る道 宇宙","星降る道宇宙"
"Alt. Creek of Neleus","裏・ネレウスの入江 ( 同キャラ禁止 )","裏ﾈﾚｳｽの入江[同ｷﾔﾗ禁止]"
"Ice Knight - Int","氷の騎士 中級","氷の騎士中級"
"Descended Carnival","降臨カーニバル ( 地獄級 )","降臨ｶ-ﾆﾊﾞﾙ[地獄級]"
"Dragon Knight? - Master","龍騎士？ 超級","龍騎士?超級"
"Ultimate Arena","極限の闘技場 ( ノーコン )","極限の闘技場[ﾉ-ｺﾝ]"
"Sky Dragon of Wood","樹の天空龍 ( 回復なし )","樹の天空龍[回復なし]"
"TAMADRA Village","たまドラの里","たまﾄﾞﾗの里"
"Angelic Dragon of Light - Master","光の天使龍 超級","光の天使龍超級"
"Scarlet Snake Princess - Int","紅の蛇姫 中級","紅の蛇姫中級"
"Epic Battles - Master","勝利の礎 超級","勝利の礎超級"
"Zaerog∞ Descended!","幻龍王","幻龍王"
"God of Judgement - Mythical","業断神 超地獄級","業断神超地獄級"
"Noble Shining Claws - Legend","皇の閃爪 地獄級","皇の閃爪地獄級"
"龍爪の轍 - Expert","龍爪の轍 上級","龍爪の轍上級"
"Epic Battles - Expert","勝利の礎 上級","勝利の礎上級"
"Angelic Dragon of Light - Expert","光の天使龍 上級","光の天使龍上級"
"Dragon Challenge!","ドラゴンチャレンジ！ ( ノーコン )","ﾄﾞﾗｺﾞﾝﾁﾔﾚﾝｼﾞ[ﾉ-ｺﾝ]"
"Noble Shining Claws - Int","皇の閃爪 中級","皇の閃爪中級"
"Holy Night Festival - SuperBlessed","聖夜祭 超祝福","聖夜祭超祝福"
"Gift from Moogles","モーグリの贈り物","ﾓ-ｸﾞﾘの贈り物"
"Samba Celebration","ガンホーサンバ コラボ","ｶﾞﾝﾎ-ｻﾝﾊﾞｺﾗﾎﾞ"
"Devils' Domain - Legend Plus","天魔界 絶地獄級","天魔界絶地獄級"
"Knight Dragon King - Legend Plus","騎龍王 絶地獄級","騎龍王絶地獄級"
"Master of the Seal","封印の主","封印の主"
"Lv9 - Attacker & Devil Enchanced","Lv9 攻撃悪魔強化","LV9攻撃悪魔強化"
"龍爪の轍 - Master","龍爪の轍 超級","龍爪の轍超級"
"Armored Mechanical Dragons - Mythical","甲骸機龍 超地獄級","甲骸機龍超地獄級"
"Flower Fairies","大花の妖精","大花の妖精"
"Super Metal Dragons Descended","超メタドラ 降臨！","超ﾒﾀﾄﾞﾗ降臨"
"Two Heroes - Legend","双勇者 地獄級","双勇者地獄級"
"Descended Carnival 2","カーニバル2","ｶ-ﾆﾊﾞﾙ2"
"Descended Carnival 3","カーニバル3","ｶ-ﾆﾊﾞﾙ3"
"Deadly Violet Weapon","紫色の殺戮兵器","紫色の殺戮兵器"
"Light Faerie - Novice","光妖精 初級","光妖精初級"
"Incarnation of Blazing Anger","炎と怒りの化身","炎と怒りの化身"
"Zhou Yu!! - All Att Needed","周瑜 全属性必須","周瑜全属性必須"
"Angels Invade - Int","使徒襲来 中級","使徒襲来中級"
"Armor-Breaking Sword - Novice","鎧砕く剣 初級","鎧砕く剣初級"
"Kouryu of the Celestial Pole","天極の黄龍","天極の黄龍"
"SB - Legend","希望の炎 地獄級","希望の炎地獄級"
"Orange Flower Dragon","橙の華龍","橙の華龍"
"Blue Guardian","青の守護龍","青の守護龍"
"Takeminakata Tournament","タケミナカタ杯β","ﾀｹﾐﾅｶﾀ杯Β"
"Beyond the Desert","流砂の先に","流砂の先に"
"Sword Combat - No Wd / Dk","武刀神 木闇なし","武刀神木闇なし"
"Flame of Conviction - Int","断罪の焔 中級","断罪の焔中級"
"Water Cat Dragon","水の猫龍 ( 木なし )","水の猫龍[木なし]"
"Dark Faerie - Int","闇妖精 中級","闇妖精中級"
"闘会議杯","闘会議杯","闘会議杯"
"Endless Corridors","無限回廊","無限回廊"
"Lv4 - Light Enhanced","Lv4 光属性強化","LV4光属性強化"
"Noah Descended!","ノア 降臨！ ( 全属性必須 )","ﾉｱ降臨[全属性必須]"
"Chaotic Darkness - Int","混沌の闇 中級","混沌の闇中級"
"Hunt for Pengdra!","ペンドラを追え！","ﾍﾟﾝﾄﾞﾗを追え"
"Luxurious Concealed Dog Dragon - Legend","茂隠犬龍 地獄級","茂隠犬龍地獄級"
"Kaguya-Hime","かぐや姫 降臨！ ( 覚醒無効 )","かぐや姫降臨[覚醒無効]"
"Waltz of Maidens 2","乙女達のワルツ 2","乙女達のﾜﾙﾂ2"
"Great Dragon of the Abyss 2","深海の大海龍 2","深海の大海龍2"
"Alt. Polar Night Tower","裏・極夜の塔 ( 同キャラ禁止 )","裏極夜の塔[同ｷﾔﾗ禁止]"
"サーティワン コラボ","シングル","ｼﾝｸﾞﾙ"
"Dark Carnival","闇のアンケートカーニバル","闇のｱﾝｹ-ﾄｶ-ﾆﾊﾞﾙ"
"Nordis Descended","ノルディス 降臨！ ( 特殊 )","ﾉﾙﾃﾞｲｽ降臨[特殊]"
"Chivalrous Thief - Mythical","大義賊 超地獄級","大義賊超地獄級"
"Green Guardian 2","緑の守護龍 2","緑の守護龍2"
"Blazing River 2","燃え盛る河 2","燃え盛る河2"
"Burning Ninja Dog Dragon - Int","燃忍犬龍 中級","燃忍犬龍中級"
"Warrior of the Sky","天空の戦士","天空の戦士"
"Lightless - Int","光無し 中級","光無し中級"
"Demonic Dragon","天魔龍","天魔龍"
"Lv2 - Fire / Light / Dark","Lv2 火光闇","LV2火光闇"
"Oni Enraged - Int","一鬼火勢 中級","-鬼火勢中級"
"Serpent Loved by Flame 2","炎に愛された蛇 2","炎に愛された蛇2"
"King of the Underworld 2","冥界の王 2","冥界の王2"
"The Goddess Descended!","聖女神","聖女神"
"The Cruel Angel","残酷な天使","残酷な天使"
"Witch in the Woods","森に潜む魔女","森に潜む魔女"
"Titan Ambush - Expert","巨人奇襲 上級","巨人奇襲上級"
"Tower of Windy Woods","風樹の塔 ( テクニカル )","風樹の塔[ﾃｸﾆｶﾙ]"
"Keeper of the Green - Expert","緑の番人 上級","緑の番人上級"
"Ultimate Dragon Rush!","極限ドラゴンラッシュ！","極限ﾄﾞﾗｺﾞﾝﾗﾂｼﾕ"
"Gunma Collab","ぐんまコラボ","ぐんまｺﾗﾎﾞ"
"Divine Queen","神王妃","神王妃"
"Hera-Ur Descended!","ヘラ・ウルズ 降臨！","ﾍﾗｳﾙｽﾞ降臨"
"FINAL FANTASY Collab","ファイナルファンタジー コラボ","ﾌｱｲﾅﾙﾌｱﾝﾀｼﾞ-ｺﾗﾎﾞ"
"Titan Ambush - Master","巨人奇襲 超級","巨人奇襲超級"
"Dragon Puppets 2","傀儡の龍 2","傀儡の龍2"
"Storm Dragon of the Holy Peak","聖峰の嵐龍","聖峰の嵐龍"
"Guards of the Lower Levels","下層の門番","下層の門番"
"GungHo Collab","ガンホーコラボ","ｶﾞﾝﾎ-ｺﾗﾎﾞ"
"Ark Deity - Mythical","聖舶神 超地獄級","聖舶神超地獄級"
"Hera-Sowilo Descended!","ヘラ・ソエル 降臨！","ﾍﾗｿｴﾙ降臨"
"Satan Tournament","サタン杯 ( 同キャラ禁止 )","ｻﾀﾝ杯[同ｷﾔﾗ禁止]"
"Chaos Dragon of Ruins","破滅の混沌龍","破滅の混沌龍"
"青の契約龍","青の契約龍","青の契約龍"
"Ocean of Heaven","天上の海原","天上の海原"
"Tower of Flare","陽炎の塔","陽炎の塔"
"Lv6 - No RCV","Lv6 回復なし","LV6回復なし"
"Beetle Dragon - Expert","兜蟲龍 上級","兜蟲龍上級"
"The Thief Descended!","大泥棒 参上！","大泥棒参上"
"Wood Faerie - Int","木妖精 中級","木妖精中級"
"Legendary Seaway","伝説の航路 ( 回復なし )","伝説の航路[回復なし]"
"Chaotic Darkness - Mythical","混沌の闇 超地獄級","混沌の闇超地獄級"
"Summer Grooves","一度だけの夏祭り","-度だけの夏祭り"
"Ancient Moon Shadow","古の月影","古の月影"
"INVADING GIANTS - Master","巨人の都 超級","巨人の都超級"
"Yomi Goddess","黄泉神","黄泉神"
"Guardian Dragon of God","神を守りし龍","神を守りし龍"
"Ceratopsian Highway","角龍街道","角龍街道"
"Star Treasure Thieves' Den","星宝の魔窟","星宝の魔窟"
"魚双星龍 - Legend","魚双星龍 地獄級","魚双星龍地獄級"
"Gold Bowl Dragon","金の丼龍 ( 火光闇３色限定 )","金の丼龍[火光闇3色限定]"
"Hellfire - Expert","地獄の業火 上級","地獄の業火上級"
"Entrance Ceremony - Master","入学式 超級","入学式超級"
"Waterdragon of the Shrine 2","祠の鮫龍 2","祠の鮫龍2"
"5 Dragons Activate - Legend","五龍起動 地獄級","五龍起動地獄級"
"Dragon Ball Collab","ドラゴンボール コラボ","ﾄﾞﾗｺﾞﾝﾎﾞ-ﾙｺﾗﾎﾞ"
"Water & Light Dog Dragons","水と光の犬龍 ( 同キャラ禁止 )","水と光の犬龍[同ｷﾔﾗ禁止]"
"Halloween Night","ハロウィンナイト","ﾊﾛｳｲﾝﾅｲﾄ"
"Forest Dragon","森の守護龍","森の守護龍"
"Hera-Sowilo Descended! - Attacker Enchanced","ヘラ・ソエル 降臨！ 攻撃強化","ﾍﾗｿｴﾙ降臨攻撃強化"
"Blue Stone Aerial Dragon","蒼石の飛龍","蒼石の飛龍"
"Darkness, Death and Despair 2","死と闇と絶望 2","死と闇と絶望2"
"Noble Wolf King Hero","王狼の英雄","王狼の英雄"
"Volcano of Vulcan","ウルカヌ火山","ｳﾙｶﾇ火山"
"Dragon Guardian - Int","龍の守護者 中級","龍の守護者中級"
"Hellfire - Master","地獄の業火 超級","地獄の業火超級"
"Entrance Ceremony - Expert","入学式 上級","入学式上級"
"Rhea-Themis Temple","レア・テミス寺院","ﾚｱﾃﾐｽ寺院"
"Vacation - Int","バカンス 中級","ﾊﾞｶﾝｽ中級"
"Armored Mechanical Dragons - Expert","甲骸機龍 上級","甲骸機龍上級"
"Twin Fire Toydragons","2頭の火玩龍","2頭の火玩龍"
"Cursed Jewels","呪われし宝石達","呪われし宝石達"
"Keeper of the Rainbow - Master","虹の番人 超級","虹の番人超級"
"Costume Party - Expert","仮装祭 上級","仮装祭上級"
"Lv7 - All Att Needed","Lv7 全属性必須","LVﾌ全属性必須"
"Mighty General - Legend","勇将軍 地獄級","勇将軍地獄級"
"Twin Jewels of Fire and Water 2","水と火の双玉 2","水と火の双玉2"
"Zaerog∞ Descended - Special","ゼローグ∞ 降臨！ 特殊","ｾﾞﾛ-ｸﾞ∞降臨特殊"
"Hera-Beorc Descended!","ヘラ・ベオーク 降臨！","ﾍﾗﾍﾞｵ-ｸ降臨"
"中崎工場跡 - Expert","中崎工場跡 上級","中崎工場跡上級"
"Zeus Dragon Descended!","ゼウス＝ドラゴン 降臨！","ｾﾞｳｽ=ﾄﾞﾗｺﾞﾝ降臨"
"Jester Dragon - Novice","道化龍 初級","道化龍初級"
"Black Cove - Int","黒の海窟 中級","黒の海窟中級"
"Starlight Path - Master","星降る道 超級","星降る道超級"
"Supreme Jewel - Int","至高の宝玉 中級","至高の宝玉中級"
"中崎工場跡 - Master","中崎工場跡 超級","中崎工場跡超級"
"Machine Zeus Descended!","マシンゼウス 降臨！ ( 回復なし )","ﾏｼﾝｾﾞｳｽ降臨[回復なし]"
"千刃の森 - Int","千刃の森 中級","千刃の森中級"
"Costume Party - Master","仮装祭 超級","仮装祭超級"
"Beetle Dragon - Master","兜蟲龍 超級","兜蟲龍超級"
"Armored Mechanical Dragons - Master","甲骸機龍 超級","甲骸機龍超級"
"Creeping Darkness","暗闇にうごめく影","暗闇にうごめく影"
"Ruby Tunnel","紅玉の坑道","紅玉の坑道"
"Alt. Tower of Flare","裏・陽炎の塔 ( 同キャラ禁止 )","裏陽炎の塔[同ｷﾔﾗ禁止]"
"Shining Stream Dog Dragon - Legend","流輝犬龍 地獄級","流輝犬龍地獄級"
"Revenge of the Sapphire Dragons","サファドラの逆襲！","ｻﾌｱﾄﾞﾗの逆襲"
"The First Trial","最初の試練","最初の試練"
"Demon Prince - Legend","魔公子 地獄級","魔公子地獄級"
"Starlight Path - Expert","星降る道 上級","星降る道上級"
"Floating Island","空に浮かぶ島","空に浮かぶ島"
"Chop Suey Dragon - Mythical","八宝龍 超地獄級","八宝龍超地獄級"
"Forbidden Tower","封印の塔 ( リーダースキル無効 )","封印の塔[ﾘ-ﾀﾞ-ｽｷﾙ無効]"
"Zhao Yun Descended!","趙雲 参上！","趙雲参上"
"Gift from Heaven","天上からの贈り物","天上からの贈り物"
"Sea of White Clouds","白雲の海","白雲の海"
"Sword Combat - Mythical","武刀神 超地獄級","武刀神超地獄級"
"Light Faerie - Master","光妖精 超級","光妖精超級"
"Road of the Crawling Dead","亡者の辿る道","亡者の辿る道"
"Bipolar Goddess 2","双極の女神 2","双極の女神2"
"Demon Prince - Mythical","魔公子 超地獄級","魔公子超地獄級"
"Light Faerie - Expert","光妖精 上級","光妖精上級"
"Shining Death Queen - Mythical","耀冥妃 超地獄級","耀冥妃超地獄級"
"Shining Hill","輝く丘","輝く丘"
"蝎双星龍 - Legend","蝎双星龍 地獄級","蝎双星龍地獄級"
"牛羯星龍 - Int","牛羯星龍 中級","牛羯星龍中級"
"Hall of the Divine King - Mythical","神王殿 超地獄級","神王殿超地獄級"
"Mephisto Descended! - No RCV","メフィスト 降臨！ 回復なし","ﾒﾌｲｽﾄ降臨回復なし"
"Tricolor Dungeon - Int","3色限定 中級","3色限定中級"
"Tower of Nature","森羅の塔","森羅の塔"
"Nameless Soldiers' Souls","名もなき英霊","名もなき英霊"
"牛羯星龍 - Legend","牛羯星龍 地獄級","牛羯星龍地獄級"
"時の狭間 - Expert","時の狭間 上級","時の狭間上級"
"Beautiful Beast","美しき麗獣","美しき麗獣"
"木と焔の鉄星龍","木と焔の鉄星龍","木と焔の鉄星龍"
"Blue Guardian 2","青の守護龍 2","青の守護龍2"
"Colossal Dragon Cat - Master","重猫龍 超級","重猫龍超級"
"Domain of the War Dragons","戦国龍の領土 ( 全属性必須 )","戦国龍の領土[全属性必須]"
"Challenge Descended! 13","降臨チャレンジ！13 ( ノーコン )","降臨ﾁﾔﾚﾝｼﾞ13[ﾉ-ｺﾝ]"
"Century's End - Int","世紀末 中級","世紀末中級"
"Vacation - Sunny","バカンス 快晴","ﾊﾞｶﾝｽ快晴"
"Dungeon of Ruby Dragons","ルビドラダンジョン","ﾙﾋﾞﾄﾞﾗﾀﾞﾝｼﾞﾖﾝ"
"The Witches' Ball","魔女達の舞踏会","魔女達の舞踏会"
"時の狭間 - Master","時の狭間 超級","時の狭間超級"
"Legendary Dragon Rush!","伝説龍ラッシュ！","伝説龍ﾗﾂｼﾕ"
"Buddha Statue Descended? - Matsuri","大仏降臨？ 祭","大仏降臨?祭"
"Colossal Dragon Cat - Expert","重猫龍 上級","重猫龍上級"
"Extreme King Metal Dragon!","超絶メタドラ 降臨！","超絶ﾒﾀﾄﾞﾗ降臨"
"7-Eleven Collab","一度きりの出会い","-度きりの出会い"
"Mighty General","勇将軍","勇将軍"
"Gathering of Strong Ones - Int","強者集結 中級","強者集結中級"
"Alt. Jupiter, City in the Sky","裏・空中都市ジュピテル ( 全属性必須 )","裏空中都市ｼﾞﾕﾋﾟﾃﾙ[全属性必須]"
"Clayus Prison","クレイアス監獄","ｸﾚｲｱｽ監獄"
"Land of the Rising Sun - Legend Plus","日出国 絶地獄級","日出国絶地獄級"
"Shadow of Destruction","破滅の影","破滅の影"
"Indigo Descended!","凍冥魔","凍冥魔"
"Lord of Hell - Mythical","大魔王 超地獄級","大魔王超地獄級"
"Knight Embraced by Phoenix 2","不死鳥を宿す者 2","不死鳥を宿す者2"
"One Time Mystery","一度きりのお忍び","-度きりのお忍び"
"Gunma - Int","ぐんまけん 中級","ぐんまけん中級"
"BEAMS Collab","BEAMS コラボ","BEAMSｺﾗﾎﾞ"
"Hunt Sapphire Dragons!","サファドラを追え！","ｻﾌｱﾄﾞﾗを追え"
"Batman Collab","バットマン コラボ","ﾊﾞﾂﾄﾏﾝｺﾗﾎﾞ"
"Christmas Dungeon","クリスマスダンジョン","ｸﾘｽﾏｽﾀﾞﾝｼﾞﾖﾝ"
"Chivalrous Thief - Legend","大義賊 地獄級","大義賊地獄級"
"Underworld Guardian - Legend","冥護神 地獄級","冥護神地獄級"
"Dark Knight","暗黒騎士","暗黒騎士"
"Ancient Caldera","古の焔土","古の焔土"
"Mountain Ascetic - Master","修験者 超級","修験者超級"
"RO ACE Collab","ラグオデA コラボ ( 回復強化 )","ﾗｸﾞｵﾃﾞAｺﾗﾎﾞ[回復強化]"
"Twin Jewels of Fire and Wood 2","火と木の双玉 2","火と木の双玉2"
"Journey to the West - Dark Enhanced","西遊記 降臨！ 闇属性強化","西遊記降臨闇属性強化"
"EVANGELION Collab","エヴァ コラボ","ｴｳﾞｱｺﾗﾎﾞ"
"Divine Realm","神世界","神世界"
"Honorable Dragon - All Att Needed - Legend","義龍 全属性必須 地獄級","義龍全属性必須地獄級"
"Extreme Endless Corridors","絶・無限回廊","絶無限回廊"
"Phantom Dragon King - Special","幻龍王 特殊","幻龍王特殊"
"Endless Corridors - Awoken Skills Invalid","無限回廊 覚醒スキル無効","無限回廊覚醒ｽｷﾙ無効"
"Ruins of the Star Vault","星宝の遺跡","星宝の遺跡"
"Rare Monster Infestation!","レアキャラ大量発生！","ﾚｱｷﾔﾗ大量発生"
"Ice-Breaking Hooves - Master","氷砕の蹄 超級","氷砕の蹄超級"
"Dark Knight!","暗黒騎士 降臨！ ( 体力悪魔強化 )","暗黒騎士降臨[体力悪魔強化]"
"Darkness, Death and Despair","死と闇と絶望","死と闇と絶望"
"Sky Dragon of Light","光の天空龍 ( 回復なし )","光の天空龍[回復なし]"
"Kapibara-san Collab","カピバラさん コラボ","ｶﾋﾟﾊﾞﾗさんｺﾗﾎﾞ"
"Blazing Dragon","火を統べる龍","火を統べる龍"
"Ice-Breaking Hooves - Expert","氷砕の蹄 上級","氷砕の蹄上級"
"東ゴルトー - Expert","東ゴルトー 上級","東ｺﾞﾙﾄ-上級"
"TAMADRA Retreat","たまドラの秘境","たまﾄﾞﾗの秘境"
"Forest of Darkness","暗黒の密林","暗黒の密林"
"Shore Maiden - Int","浜磯姫 中級","浜磯姫中級"
"Noble Lion","孤高の獅子","孤高の獅子"
"Well Leading Underground","地下への古井戸","地下への古井戸"
"溟鮫龍 - Master","溟鮫龍 超級","溟鮫龍超級"
"溟鮫龍 - Expert","溟鮫龍 上級","溟鮫龍上級"
"Red Eyes and Evil Claws","赤目と魔爪","赤目と魔爪"
"Sea Dragon of the Creek 2","入江の海龍 2","入江の海龍2"
"Sea Dragon King - Legend Plus","海龍王 絶地獄級","海龍王絶地獄級"
"Holy Night Festival - Master","聖夜祭 超級","聖夜祭超級"
"Guards of the Lower Levels 2","下層の門番 2","下層の門番2"
"Divine Queen of Darkness","暗黒の神王妃","暗黒の神王妃"
"Kamameshi Dragon - Mythical","釜飯龍 超地獄級","釜飯龍超地獄級"
"Dark Forbidden Area - Legend","禁域の闇 地獄級","禁域の闇地獄級"
"Mythic Stone Dragon Cave","魔石龍の大洞窟","魔石龍の大洞窟"
"Droll Dragon from a Book","本の中の道化龍","本の中の道化龍"
"Moon in the Abyss 2","奈落の月 2","奈落の月2"
"Smithing Dragon - Annihilation","鍛煉龍 壊滅級","鍛煉龍壊滅級"
"Aither Desert","アイテール砂漠","ｱｲﾃ-ﾙ砂漠"
"Wailing Wind","唸る旋風","唸る旋風"
"Guan Yinping!","関銀屏 参上！ ( 体力回復強化 )","関銀屏参上[体力回復強化]"
"Lv2 - Water / Light / Dark","Lv2 水光闇","LV2水光闇"
"Red Pirate Dragon","紅の海賊龍","紅の海賊龍"
"King of the Gods","神々の王","神々の王"
"The Mythical Twin Dragons","幻の双子龍","幻の双子龍"
"Visit Shrine of the New Year 2","正月参り 2 日目","正月参り2日目"
"Holy Night Festival - Expert","聖夜祭 上級","聖夜祭上級"
"Star-Breaking Dragon","星砕く岩砕龍","星砕く岩砕龍"
"Piggy Island 2 - Expert","ピギー島２ 上級","ﾋﾟｷﾞ-島2上級"
"Gotham - Expert","ゴッサム 上級","ｺﾞﾂｻﾑ上級"
"東ゴルトー - Master","東ゴルトー 超級","東ｺﾞﾙﾄ-超級"
"Door to Trailokya 2","三界の扉 2","三界の扉2"
"Temple of Trailokya","三界の神殿","三界の神殿"
"True Endless Corridors - No RCV","真・無限回廊 回復なし","真無限回廊回復なし"
"Return of the Dark King 2","甦りし暗黒の王 2","甦りし暗黒の王2"
"Piggy Island 2 - Master","ピギー島２ 超級","ﾋﾟｷﾞ-島2超級"
"Flame Mechdragon","焔の機械龍","焔の機械龍"
"Father of Gods - Mythical","天地神 超地獄級","天地神超地獄級"
"Meditating Music God - No Dupes - Mythical","瞑奏神 同キャラ禁止 超地獄級","瞑奏神同ｷﾔﾗ禁止超地獄級"
"Chop Suey Dragon - Master","八宝龍 超級","八宝龍超級"
"Meditating Music God - Mythical","瞑奏神 超地獄級","瞑奏神超地獄級"
"Dark Knight - Master","暗黒騎士 超級","暗黒騎士超級"
"Rainbow Stone Magic Dragon","虹石の魔龍","虹石の魔龍"
"Zouni Dragon - Expert","雑煮龍 上級","雑煮龍上級"
"Mantis Dragon - Legend","鎌蟲龍 地獄級","鎌蟲龍地獄級"
"Oceanus Falls","オケアーノ大瀑布","ｵｹｱ-ﾉ大瀑布"
"Impregnable","難攻不落","難攻不落"
"Shining Stream Dog Dragon - Int","流輝犬龍 中級","流輝犬龍中級"
"TAMADRA Spotted?","たまドラ発見？","たまﾄﾞﾗ発見?"
"Road Dyed with Blood","紅く染まる道","紅く染まる道"
"Rosettes and Red Eyes","豹紋と赤目","豹紋と赤目"
"Zeus & Hera Descended!","神王殿","神王殿"
"God of the Seaways - Mythical","海澪神 超地獄級","海澪神超地獄級"
"Ark Deity - All Att Needed - Mythical","舶神 全属性必須 超地獄級","舶神全属性必須超地獄級"
"Welcoming Sea God - Legend","迎海神 地獄級","迎海神地獄級"
"Sword of Flames - Novice","焔の騎士 初級","焔の騎士初級"
"Mighty General - Mythical","勇将軍 超地獄級","勇将軍超地獄級"
"One Eyed Warlord","独眼竜","独眼竜"
"Dragon of Trailokya 2","三界の龍 2","三界の龍2"
"Armor-Breaking Sword - Expert","鎧砕く剣 上級","鎧砕く剣上級"
"Yomi Goddess - Legend","黄泉神 地獄級","黄泉神地獄級"
"Apex Flower Dragon","霊峰の大花龍","霊峰の大花龍"
"Knights of the Polar Night","極夜の騎士","極夜の騎士"
"Py Surprise!","降臨クリア記念","降臨ｸﾘｱ記念"
"Meditating Music God - No Dupes - Mythical","瞑神 同キャラ禁 超地獄級","瞑神同ｷﾔﾗ禁超地獄級"
"Fallen Dragon Knight 2","堕ちた龍騎士 2","堕ちた龍騎士2"
"Explosive Fire Dragon","爆炎の猛龍","爆炎の猛龍"
"Super Ruby Dragons Descended","超ルビドラ 降臨！","超ﾙﾋﾞﾄﾞﾗ降臨"
"Great Mountain Caves","山穿つ大洞窟","山穿つ大洞窟"
"Jord Descended!","大地神","大地神"
"Guardian of the Creek","入江の守護神","入江の守護神"
"Alt. Kronos Forest","裏・クローノス大密林 ( 同キャラ禁止 )","裏ｸﾛ-ﾉｽ大密林[同ｷﾔﾗ禁止]"
"Lv2 - Fire / Water / Light","Lv2 火水光","LV2火水光"
"Alt. Shrine of Liquid Flame","裏・水火の祠","裏水火の祠"
"God of Brawn","剛戦神","剛戦神"
"Fire Labyrinth - Expert","火の迷路 上級","火の迷路上級"
"Iron Strength Plaza - Legend","鉄腕広場 地獄級","鉄腕広場地獄級"
"Ancient Dragon Warrior 2","古の龍兵 2","古の龍兵2"
"Airour de Bazaar Collab","アイルーでバザール コラボ","ｱｲﾙ-でﾊﾞｻﾞ-ﾙｺﾗﾎﾞ"
"Chop Suey Dragon - Expert","八宝龍 上級","八宝龍上級"
"Isolated Ruin of the Sky","孤高の廃城","孤高の廃城"
"Sky Dragon Rush!","天空龍ラッシュ！ ( 回復なし )","天空龍ﾗﾂｼﾕ[回復なし]"
"Underworld Guardian - Mythical","冥護神 超地獄級","冥護神超地獄級"
"Sacred Mt. Bakkes","霊峰バッケス","霊峰ﾊﾞﾂｹｽ"
"Alt. Clayus Prison","裏・クレイアス監獄 ( 同キャラ禁止 )","裏ｸﾚｲｱｽ監獄[同ｷﾔﾗ禁止]"
"Challenge Descended! 5","降臨チャレンジ！ 5 ( ノーコン )","降臨ﾁﾔﾚﾝｼﾞ5[ﾉ-ｺﾝ]"
"Sunlight Dragon","陽光の大鳥龍","陽光の大鳥龍"
"Bipolar Goddess","双極の女神","双極の女神"
"Eternal Peace","永遠の安らぎ","永遠の安らぎ"
"Sky Dragons' Domain","天空龍の領域 ( 回復なし )","天空龍の領域[回復なし]"
"中崎工場跡 - Mythical","中崎工場跡 超地獄級","中崎工場跡超地獄級"
"Guardian of the Goddess","女神の騎士","女神の騎士"
"Challenge Descended! 2","降臨チャレンジ！2 ( ノーコン )","降臨ﾁﾔﾚﾝｼﾞ2[ﾉ-ｺﾝ]"
"Twin Cursed Dragons","２頭の呪詛龍","2頭の呪詛龍"
"Green Giant 2","緑の巨人 2","緑の巨人2"
"Fire & Light Paired Dragons - Master","火光対龍 超級","火光対龍超級"
"Luxurious Concealed Dog Dragon - Int","茂隠犬龍 中級","茂隠犬龍中級"
"女獅星龍 - Int","女獅星龍 中級","女獅星龍中級"
"Final Flame Wielder - All Att Needed","終炎者 全属性必須","終炎者全属性必須"
"Hunt Gold Dragons!","ゴルドラを追え！","ｺﾞﾙﾄﾞﾗを追え"
"Sky Above the Blue Ocean - Int","蒼海の空 中級","蒼海の空中級"
"酒妖鬼 - Legend","酒妖鬼 地獄級","酒妖鬼地獄級"
"True Endless Corridors","真・無限迴廊","真無限迴廊"
"Sword Combat - Legend","武刀神 地獄級","武刀神地獄級"
"Gold Cove - Int","金の海窟 中級","金の海窟中級"
"Dragon Guardian - Master","アンケートダンジョン3 超級","ｱﾝｹ-ﾄﾀﾞﾝｼﾞﾖﾝ3超級"
"Shooting Star Woods 2","星降りの樹海 2","星降りの樹海2"
"Fire Labyrinth - Master","火の迷路 超級","火の迷路超級"
"Freezing Winds","凍える風","凍える風"
"Five Legendary Fangs - Expert","五龍連牙 上級","五龍連牙上級"
"ナメック星 - Expert","ナメック星 上級","ﾅﾒﾂｸ星上級"
"God of Brawn - Legend","剛戦神 地獄級","剛戦神地獄級"
"Piggy Island - Int","ピギー島 中級","ﾋﾟｷﾞ-島中級"
"Lv8 - No RCV","Lv8 回復なし","LV8回復なし"
"女獅星龍 - Mythical","女獅星龍 超地獄級","女獅星龍超地獄級"
"Goddess in Paradise","楽園の女神","楽園の女神"
"Hunter in the Desert","砂上のハンター","砂上のﾊﾝﾀ-"
"Green Dragon's Den - Int","緑龍の巣窟 中級","緑龍の巣窟中級"
"仕入れ - Int","仕入れ 中級","仕入れ中級"
"Tengu!!!","大天狗 降臨！ ( バランス強化 )","大天狗降臨[ﾊﾞﾗﾝｽ強化]"
"Ultimate God Rush!","極限ゴッドラッシュ！","極限ｺﾞﾂﾄﾞﾗﾂｼﾕ"
"HUNTER x HUNTER Collab","HUNTER×HUNTER コラボ","HUNTER×HUNTERｺﾗﾎﾞ"
"Scarlet Descended!","スカーレット 降臨！ ( 特殊 )","ｽｶ-ﾚﾂﾄ降臨[特殊]"
"中崎工場跡 - Legend","中崎工場跡 地獄級","中崎工場跡地獄級"
"Mythical Endless Corridors - No RCV","超絶・無限回廊 回復なし","超絶無限回廊回復なし"
"ナメック星 - Master","ナメック星 超級","ﾅﾒﾂｸ星超級"
"Guards of the Light","光の守護騎兵","光の守護騎兵"
"World Serpent - Legend","世界蛇 地獄級","世界蛇地獄級"
"Hera-Ur Descended!","魔炎妃","魔炎妃"
"Temple Under the Desert 2","砂漠の地下神殿 2","砂漠の地下神殿2"
"Field O' TAMAs","たまドラ発見！","たまﾄﾞﾗ発見"
"Orange Backwater - Int","橙の僻地 中級","橙の僻地中級"
"Queen's Banquet - Legend Plus","妃の宴 絶地獄級","妃の宴絶地獄級"
"Ruler of the Winds and Clouds 2","風雲を司る者 2","風雲を司る者2"
"Wind, Forest, Fire & Mountain","風林火山龍","風林火山龍"
"Dragon Queen of the Wind - Mythical Plus","風龍王 超絶地獄級","風龍王超絶地獄級"
"Keeper of the Blue - Expert","青の番人 上級","青の番人上級"
"Fire & Light Paired Dragons - Expert","火光対龍 上級","火光対龍上級"
"True Dragon Realm","真龍界","真龍界"
"Frozen Ground","凍てつく大地","凍てつく大地"
"Storm Dragon of the Holy Peak - Mythical","聖峰の嵐龍 超地獄級","聖峰の嵐龍超地獄級"
"The Witches' Ball 2","魔女達の舞踏会 2","魔女達の舞踏会2"
"Mantis Dragon - Int","鎌蟲龍 中級","鎌蟲龍中級"
"Blade of Justice - Expert","正義の刃 上級","正義の刃上級"
"Gotham - Master","ゴッサム 超級","ｺﾞﾂｻﾑ超級"
"Knight Dragon King - Special","騎龍王 特殊","騎龍王特殊"
"Green Cove - Expert","碧の海窟 上級","碧の海窟上級"
"Banquet of Temptation 2","誘惑の宴 2","誘惑の宴2"
"Wood & Thunder Paired Dragons - Legend","木雷対龍 地獄級","木雷対龍地獄級"
"Angelic Dragon of Light - Novice","光の天使龍 初級","光の天使龍初級"
"Gold Cove - Legend","金の海窟 地獄級","金の海窟地獄級"
"Eternal Nightmare","終わりなき悪夢","終わりなき悪夢"
"Kanetsugu! - All Att Needed","カネツグ 降臨！ 全属性必須","ｶﾈﾂｸﾞ降臨全属性必須"
"Door of Ice","水氷の扉","水氷の扉"
"Lv6 - Balanced & God Enchanced","Lv6 バランス神強化","LV6ﾊﾞﾗﾝｽ神強化"
"Dragons of the Tower","塔の番龍","塔の番龍"
"Mechanical War King - Annihilation","戦機王 壊滅級","戦機王壊滅級"
"Jasper Altar","碧玉の祭壇","碧玉の祭壇"
"Super King Carnival","超キングカーニバル","超ｷﾝｸﾞｶ-ﾆﾊﾞﾙ"
"Five Legendary Fangs - Master","五龍連牙 超級","五龍連牙超級"
"Gainaut Descended!","ガイノウト 降臨！ ( 特殊 )","ｶﾞｲﾉｳﾄ降臨[特殊]"
"The Fanged Warriors","牙を持つ戦士","牙を持つ戦士"
"Music Dragon - Legend","音楽龍 地獄級","音楽龍地獄級"
"Green Cove - Master","碧の海窟 超級","碧の海窟超級"
"Twin Beasts of Fire and Water","氷炎の双獣","氷炎の双獣"
"Fortdragon of the Land","大地を守る砦龍","大地を守る砦龍"
"The God-King's Floating Garden","神王の空中庭園","神王の空中庭園"
"Takaoka City Collab","高岡市コラボ ( 3 色限定 )","高岡市ｺﾗﾎﾞ[3色限定]"
"Lv4 - No Dupes","Lv4 同キャラ禁止","LV4同ｷﾔﾗ禁止"
"Gift from the Holy Beasts","聖獣からの贈り物","聖獣からの贈り物"
"Legelonte Descended!","レジェロンテ 降臨！","ﾚｼﾞｴﾛﾝﾃ降臨"
"Athena Descended!","アテナ 降臨！","ｱﾃﾅ降臨"
"Ice Maze","氷の大迷宮","氷の大迷宮"
"Breakers","ブレイカーズ","ﾌﾞﾚｲｶ-ｽﾞ"
"千刃の森 - Ｇ級","千刃の森 Ｇ級","千刃の森G級"
"Lv2 - Water / Wood / Light","Lv2 水木光","LV2水木光"
"Thursday Dungeon","木曜ダンジョン","木曜ﾀﾞﾝｼﾞﾖﾝ"
"Frozen Castle 2","氷ついた城 2","氷ついた城2"
"Keeper of Flame","炎の番人","炎の番人"
"Impregnable - Master","難攻不落 超級","難攻不落超級"
"Impregnable - Expert","難攻不落 上級","難攻不落上級"
"The Cave Master","洞窟の主","洞窟の主"
"Smithing God - Mythical","鍛煉神 超地獄級","鍛煉神超地獄級"
"Revenge of the Gold Dragons","ゴルドラの逆襲！","ｺﾞﾙﾄﾞﾗの逆襲"
"Xuanzang's Party - Legend","三蔵一行 地獄級","三蔵-行地獄級"
"White Snake Road 2","白蛇の道 2","白蛇の道2"
"Dark Night Sword - Master","闇夜の剣 超級","闇夜の剣超級"
"3rd Anniversary 3","公式生放送プレゼント2","公式生放送ﾌﾟﾚｾﾞﾝﾄ2"
"Paradise of the Holy Beasts","聖獣達の楽園","聖獣達の楽園"
"3rd Anniversary 2","公式生放送プレゼント1","公式生放送ﾌﾟﾚｾﾞﾝﾄ1"
"3rd Anniversary 1","公式生放送プレゼント3","公式生放送ﾌﾟﾚｾﾞﾝﾄ3"
"Hatsumode - Int","初参り 中級","初参り中級"
"Shadow of Destruction - Expert","破滅の影 上級","破滅の影上級"
"Flame-Devouring Dragon","火を貪る龍","火を貪る龍"
"Poringing! - Int","ポリンと！ 中級","ﾎﾟﾘﾝと中級"
"Shadow of Destruction - Master","破滅の影 超級","破滅の影超級"
"Surtr Descended!","スルト 降臨！ ( 全属性必須 )","ｽﾙﾄ降臨[全属性必須]"
"Heimdallr Descended!","ヘイムダル 降臨！","ﾍｲﾑﾀﾞﾙ降臨"
"Water Flower Beasts 2","水花の双獣 2","水花の双獣2"
"Dark Night Sword - Expert","闇夜の剣 上級","闇夜の剣上級"
"Blackgate Prison - Int","闇夜の檻 中級","闇夜の檻中級"
"Super Sapphire Dragons Descended","超サファドラ 降臨！","超ｻﾌｱﾄﾞﾗ降臨"
"Burning Tree Path","灼熱並木道","灼熱並木道"
"女獅星龍 - Legend","女獅星龍 地獄級","女獅星龍地獄級"
"Gleaming Horns and Evil Claws","煌角と魔爪","煌角と魔爪"
"Aerial Blitz - Expert","五龍天翔 上級","五龍天翔上級"
"Witch of the Darkness 2","闇を纏う魔女 2","闇を纏う魔女2"
"Dungeon of Wood","木のダンジョン","木のﾀﾞﾝｼﾞﾖﾝ"
"Temptation of the Water Fairies","水精の誘い","水精の誘い"
"Armored Blade Dragon - Mythical","重剣龍 超地獄級","重剣龍超地獄級"
"Surtr Descended!-All Att. Req.","終炎者","終炎者"
"Alt. Shrine of Blazing Woods","裏・炎樹の祠","裏炎樹の祠"
"Lance that Split the Ocean","海を裂く大槍","海を裂く大槍"
"Chaotic Darkness - Legend","混沌の闇 地獄級","混沌の闇地獄級"
"Ice-Breaking Hooves","氷砕の蹄","氷砕の蹄"
"New Year Dungeon","お正月ダンジョン","お正月ﾀﾞﾝｼﾞﾖﾝ"
"Holy Goddess - Legend","聖女神 地獄級","聖女神地獄級"
"Aerial Blitz - Master","五龍天翔 超級","五龍天翔超級"
"Flame of Conviction - Expert","断罪の焔 上級","断罪の焔上級"
"Grassland - Expert","ミドリノ草原 竹","ﾐﾄﾞﾘﾉ草原竹"
"Alt. Shrine of Blazing Woods","裏・炎樹の祠 ( 同キャラ禁止 )","裏炎樹の祠[同ｷﾔﾗ禁止]"
"Noble Shining Claws - Expert","皇の閃爪 上級","皇の閃爪上級"
"Wind Water Ghost","風水の妖魔","風水の妖魔"
"Fortdragon of the Shrine","祠の砦龍","祠の砦龍"
"Twin Fire Toydragons 2","2頭の火玩龍 2","2頭の火玩龍2"
"Alt. Oceanus Falls","裏・オケアーノ大瀑布 ( 同キャラ禁止 )","裏ｵｹｱ-ﾉ大瀑布[同ｷﾔﾗ禁止]"
"The Thief Descended!","大泥棒参上！","大泥棒参上"
"Light Cat Dragon","光の猫龍 ( 闇なし )","光の猫龍[闇なし]"
"Dark Labyrinth - Master","闇の迷路 超級","闇の迷路超級"
"Ark Deity - All Att Needed - Mythical","聖舶神 全属性必須 超地獄級","聖舶神全属性必須超地獄級"
"Stubborn Dragon King - Mythical Plus","頑龍王 超絶地獄級","頑龍王超絶地獄級"
"Cave of Riches - Expert","実りの洞 上級","実りの洞上級"
"水と光の鉄星龍","水と光の鉄星龍 ( 水属性強化 )","水と光の鉄星龍[水属性強化]"
"Alt. Temple of Trailokya","裏・三界の神殿 ( 同キャラ禁止 )","裏三界の神殿[同ｷﾔﾗ禁止]"
"Lv2 - Water / Wood / Dark","Lv2 水木闇","LV2水木闇"
"Arrival Carnival 1","参上カーニバル1","参上ｶ-ﾆﾊﾞﾙ1"
"Kamameshi Dragon - Legend","釜飯龍 地獄級","釜飯龍地獄級"
"Hedonistic Demon - Legend","遊楽魔 地獄級","遊楽魔地獄級"
"Beyond the Desert 2","流砂の先に 2","流砂の先に2"
"Buddha Statue Descended? - Int","大仏降臨？ 中級","大仏降臨?中級"
"Noble Shining Claws - Master","皇の閃爪 超級","皇の閃爪超級"
"Dark Labyrinth - Expert","闇の迷路 上級","闇の迷路上級"
"Burning Ninja Dog Dragon - Master","燃忍犬龍 超級","燃忍犬龍超級"
"Temple Under the Desert","砂漠の地下神殿","砂漠の地下神殿"
"Jade Forest","翠玉の森","翠玉の森"
"Taiko Warlord","太閤龍","太閤龍"
"Lightseeker","アンケートダンジョン11","ｱﾝｹ-ﾄﾀﾞﾝｼﾞﾖﾝ11"
"Arboreal Encounter","アンケートダンジョン10","ｱﾝｹ-ﾄﾀﾞﾝｼﾞﾖﾝ10"
"Blue Sprite","アンケートダンジョン13","ｱﾝｹ-ﾄﾀﾞﾝｼﾞﾖﾝ13"
"Red Sprite","アンケートダンジョン12","ｱﾝｹ-ﾄﾀﾞﾝｼﾞﾖﾝ12"
"Korin Tower","ひと粒の仙豆","ひと粒の仙豆"
"Light Sprite","アンケートダンジョン15","ｱﾝｹ-ﾄﾀﾞﾝｼﾞﾖﾝ15"
"Green Sprite","アンケートダンジョン14","ｱﾝｹ-ﾄﾀﾞﾝｼﾞﾖﾝ14"
"Burning Ninja Dog Dragon - Expert","燃忍犬龍 上級","燃忍犬龍上級"
"Ocean Demon","アンケートダンジョン17","ｱﾝｹ-ﾄﾀﾞﾝｼﾞﾖﾝ1ﾌ"
"Cold Steel","アンケートダンジョン16","ｱﾝｹ-ﾄﾀﾞﾝｼﾞﾖﾝ16"
"Angelic Dragon of Light - Int","光の天使龍 中級","光の天使龍中級"
"Five Legendary Fangs - Legend","五龍連牙 地獄級","五龍連牙地獄級"
"Lava Tube 2","溶岩洞窟 2","溶岩洞窟2"
"Colossal Dragon Cat - Mythical","重猫龍 超地獄級","重猫龍超地獄級"
"King Carnival","キングカーニバル","ｷﾝｸﾞｶ-ﾆﾊﾞﾙ"
"Hell Beasts in the Foggy Night","霧と闇の冥獣","霧と闇の冥獣"
"Sky Above the Blue Ocean - Master","蒼海の空 超級","蒼海の空超級"
"Blade of Justice - Master","正義の刃 超級","正義の刃超級"
"Armored Mechanical Dragons - Legend","甲骸機龍 地獄級","甲骸機龍地獄級"
"Hephaestus Descended!","ヘパイストス 降臨！","ﾍﾊﾟｲｽﾄｽ降臨"
"Abyss - Master","奈落の底 超級","奈落の底超級"
"Forest Labyrinth - Expert","迷宮の森 上級","迷宮の森上級"
"Angels Invade - Expert","使徒襲来 上級","使徒襲来上級"
"Noble Shining Claws","皇の閃爪","皇の閃爪"
"Duel Masters Collab","デュエル・マスターズ コラボ","ﾃﾞﾕｴﾙﾏｽﾀ-ｽﾞｺﾗﾎﾞ"
"Tower of Jewels","ジュエルの塔","ｼﾞﾕｴﾙの塔"
"Twelve Temples - Cosmo","十二宮 小宇宙","十二宮小宇宙"
"Fire Faerie - Int","火妖精 中級","火妖精中級"
"Knights of Nature","森羅の騎士","森羅の騎士"
"Starlight Path - Int","星降る道 中級","星降る道中級"
"Zhang Fei!!","張飛 参上！","張飛参上"
"Stubborn Dragon King - Legend Plus","頑龍王 絶地獄級","頑龍王絶地獄級"
"Mystic Dragon Historic Site","神秘龍の史跡","神秘龍の史跡"
"三国チャレンジ！","三国チャレンジ！","三国ﾁﾔﾚﾝｼﾞ"
"Clash of Clans Dungeon","CoC コラボ","COCｺﾗﾎﾞ"
"Dark Water Shadow","水面に潜む影","水面に潜む影"
"Legendary Skyway","伝説の空路","伝説の空路"
"Forest Labyrinth - Master","迷宮の森 超級","迷宮の森超級"
"Beetle Dragon - Int","兜蟲龍 中級","兜蟲龍中級"
"Witch of the Darkness","闇を纏う魔女","闇を纏う魔女"
"Ocean God - Mythical","大海神 超地獄級","大海神超地獄級"
"Sword of Flames - Expert","焔の騎士 上級","焔の騎士上級"
"Challenge Descended! 12","降臨チャレンジ！12 ( ノーコン )","降臨ﾁﾔﾚﾝｼﾞ12[ﾉ-ｺﾝ]"
"Sky Above the Blue Ocean - Expert","蒼海の空 上級","蒼海の空上級"
"Legend of Revolution - Int","革命伝説 中級","革命伝説中級"
"Green Stone Steadfast Dragon","翠石の頑龍","翠石の頑龍"
"Dark Faerie - Master","闇妖精 超級","闇妖精超級"
"氷零妃 - Legend","氷零妃 地獄級","氷零妃地獄級"
"Angels Invade - Master","使徒襲来 超級","使徒襲来超級"
"Amethyst Altar","紫水晶の祭壇","紫水晶の祭壇"
"Dark Cat Dragon","闇の猫龍 ( 光なし )","闇の猫龍[光なし]"
"魚双星龍 - Int","魚双星龍 中級","魚双星龍中級"
"Earth God - Mythical","大地神 超地獄級","大地神超地獄級"
"Lightless - Expert","光無し 上級","光無し上級"
"Eternal Peace 2","永遠の安らぎ 2","永遠の安らぎ2"
"Shrine of Green Water","樹水の祠","樹水の祠"
"Legendary Earth","伝説の大地","伝説の大地"
"Flame-Devouring Dragon 2","火を貪る龍 2","火を貪る龍2"
"Batman vs Superman Collab","バットマン vs スーパーマン コラボ","ﾊﾞﾂﾄﾏﾝVSｽ-ﾊﾟ-ﾏﾝｺﾗﾎﾞ"
"Wild Dance of the Three Beasts","三獣乱舞","三獣乱舞"
"Dark Faerie - Expert","闇妖精 上級","闇妖精上級"
"Hall of Gift Dragons - Legend","贈龍の館 地獄級","贈龍の館地獄級"
"Glimpse of Death 2","死の片鱗 2","死の片鱗2"
"Abyss - Expert","奈落の底 上級","奈落の底上級"
"Ancient Dragon Warrior","古の龍兵","古の龍兵"
"Hungry Green Dragon","貧食の緑龍","貧食の緑龍"
"Phantom Beast's Garden - Mythical","幻獣の庭 超地獄級","幻獣の庭超地獄級"
"Cauchemar Tournament - Awoken Skills Invalid","コシュまる杯β 覚醒スキル無効","ｺｼﾕまる杯Β覚醒ｽｷﾙ無効"
"Paradise of Beauty and Love","愛と美の楽園","愛と美の楽園"
"Room of Departure","旅立ちの間","旅立ちの間"
"中崎工場跡 - Int","中崎工場跡 中級","中崎工場跡中級"
"Sea Dragon of the Creek","入江の海龍","入江の海龍"
"Blade of Justice - Novice","正義の刃 初級","正義の刃初級"
"Alt. Temple of Trailokya","裏・三界の神殿","裏三界の神殿"
"Fire Cat Dragon","火の猫龍 ( 水なし )","火の猫龍[水なし]"
"Wood & Dark Dog Dragons","木と闇の犬龍 ( 同キャラ禁止 )","木と闇の犬龍[同ｷﾔﾗ禁止]"
"Omniscient, Omnipotent Creator","全知全能の主神","全知全能の主神"
"Dragon Ball Collab 2","ドラゴンボール コラボ2","ﾄﾞﾗｺﾞﾝﾎﾞ-ﾙｺﾗﾎﾞ2"
"Path to the Seabed","海底への道","海底への道"
"Corpse Wyrm - Legend","屍霊龍 地獄級","屍霊龍地獄級"
"Great Wheel of Fire","火中の大輪","火中の大輪"
"Wednesday Dungeon","水曜ダンジョン","水曜ﾀﾞﾝｼﾞﾖﾝ"
"Sword of Flames - Master","焔の騎士 超級","焔の騎士超級"
"Legendary Evil Dragon","伝説の邪龍","伝説の邪龍"
"City of Corpses 2","骸の都 2","骸の都2"
"Lv1 - Fire Enhanced","Lv1 火属性強化","LV1火属性強化"
"Entrance Ceremony - Int","入学式 中級","入学式中級"
"FINAL FANTASY Collab 2","ファイナルファンタジー コラボ2","ﾌｱｲﾅﾙﾌｱﾝﾀｼﾞ-ｺﾗﾎﾞ2"
"Young Earth Dragon","大地の幼龍","大地の幼龍"
"Ancient Wood & Flame Dragons","木と炎の古代龍","木と炎の古代龍"
"Lv6 - No Dupes","Lv6 同キャラ禁止","LV6同ｷﾔﾗ禁止"
"Metropolis Memorial - Expert","メトロポリス 上級","ﾒﾄﾛﾎﾟﾘｽ上級"
"Peaceful Garden 2","やすらぎ箱庭 2","やすらぎ箱庭2"
"Flame Sword of Beauty","美しき炎剣","美しき炎剣"
"Dark Night Sword - Novice","闇夜の剣 初級","闇夜の剣初級"
"Light Insect Dragon","光の蟲龍","光の蟲龍"
"Ghost in the Shell Collab","攻殻機動隊 新劇場版 コラボ","攻殻機動隊新劇場版ｺﾗﾎﾞ"
"One True Love","ひとつの贈り物","ひとつの贈り物"
"Shining Stream Dog Dragon - Expert","流輝犬龍 上級","流輝犬龍上級"
"Entrance Ceremony - Legend","入学式 地獄級","入学式地獄級"
"Land of the Rising Sun","日出国","日出国"
"Legendary Snowy Valley","伝説の雪渓","伝説の雪渓"
"時の狭間 - Mythical","時の狭間 超地獄級","時の狭間超地獄級"
"Fallen Dragon Knight","堕ちた龍騎士","堕ちた龍騎士"
"Zeus Mercury Descended!","ゼウス・マーキュリー 降臨！","ｾﾞｳｽﾏ-ｷﾕﾘ-降臨"
"Gravekeeper Gizmo","機械仕掛けの墓守","機械仕掛けの墓守"
"Aamir Descended!","遊楽魔","遊楽魔"
"Water & Dark Paired Dragons - Mythical","水闇対龍 超地獄級","水闇対龍超地獄級"
"Heavenly Mystics - Legend","天妖仙 地獄級","天妖仙地獄級"
"Shining Stream Dog Dragon - Master","流輝犬龍 超級","流輝犬龍超級"
"Crows Collab","クローズ コラボ","ｸﾛ-ｽﾞｺﾗﾎﾞ"
"時の狭間 - Int","時の狭間 中級","時の狭間中級"
"Experience Boost TAMA!","ザックザクたまぁ～","ｻﾞﾂｸｻﾞｸたまぁ~"
"Hunter at the Seaside","海辺の狩人","海辺の狩人"
"Center of the Earth 2","大地の中心 2","大地の中心2"
"Soul Reaper - Mythical","求魂師 超地獄級","求魂師超地獄級"
"女神チャレンジ！","女神チャレンジ！","女神ﾁﾔﾚﾝｼﾞ"
"Mysterious Visitors","未知の来訪者","未知の来訪者"
"Jasper Altar 2","碧玉の祭壇 2","碧玉の祭壇2"
"サーティワン コラボ","トリプル","ﾄﾘﾌﾟﾙ"
"Sorceress - Legend","魔導姫 地獄級","魔導姫地獄級"
"Soaring Star Dragon","沖天の星龍","沖天の星龍"
"A Wonderful Present","パズバト勝利記念","ﾊﾟｽﾞﾊﾞﾄ勝利記念"
"Moon in the Abyss","奈落の月","奈落の月"
"Eternal Waterfall","悠久の滝","悠久の滝"
"The Lady General - Legend","義将姫 地獄級","義将姫地獄級"
"Tomb of the Saint-Deep","聖者の墓 -深層-","聖者の墓-深層-"
"Dream Labyrinth - Expert","夢の迷宮 上級","夢の迷宮上級"
"Knight Embraced by Phoenix","不死鳥を宿す者","不死鳥を宿す者"
"Three Thousand Friends","--","--"
"Metropolis Memorial - Master","メトロポリス 超級","ﾒﾄﾛﾎﾟﾘｽ超級"
"Divine Queen's Sleepless Castle","神王妃の不夜城","神王妃の不夜城"
"Fire & Light Paired Dragons - Legend","火光対龍 地獄級","火光対龍地獄級"
"Waltz of Maidens","乙女達のワルツ","乙女達のﾜﾙﾂ"
"General Yan","燕将軍","燕将軍"
"Phantom Dragon King - Mythical Plus","幻龍王 超絶地獄級","幻龍王超絶地獄級"
"Dream Labyrinth - Master","夢の迷宮 超級","夢の迷宮超級"
"Netherworld - Mythical","無の狭間 超地獄級","無の狭間超地獄級"
"A Single Fruit","ひとつだけの果実","ひとつだけの果実"
"Gathering of Strong Ones - Mythical","強者集結 超地獄級","強者集結超地獄級"
"Takeminakata Descended! - No Wd / Dk","タケミナカタ 降臨！ 木闇なし","ﾀｹﾐﾅｶﾀ降臨木闇なし"
"Knights of Divine Might","神威の騎士","神威の騎士"
"Ground of Malice 2","悪意の集う地 2","悪意の集う地2"
"Beetle Dragon - Mythical","兜蟲龍 超地獄級","兜蟲龍超地獄級"
"King of the Underworld","冥界の王","冥界の王"
"Sonia Gran Descended! - Light Enhanced","ソニア＝グラン 降臨！ 光属性強化","ｿﾆｱ=ｸﾞﾗﾝ降臨光属性強化"
"Hephaestus Dragon Descended!","ヘパイストス＝ドラゴン 降臨！","ﾍﾊﾟｲｽﾄｽ=ﾄﾞﾗｺﾞﾝ降臨"
"Corpse Wyrm - Master","屍霊龍 超級","屍霊龍超級"
"Lv7 - No Dupes","Lv7 同キャラ禁止","LVﾌ同ｷﾔﾗ禁止"
"Lv3 - Water / Light / Dark","Lv3 水光闇","LV3水光闇"
"Ancient Wind","古の天風","古の天風"
"Flame of Conviction - Master","断罪の焔 超級","断罪の焔超級"
"Wood Faerie - Master","木妖精 超級","木妖精超級"
"牛羯星龍 - Expert","牛羯星龍 上級","牛羯星龍上級"
"Alt. Aither Desert","裏・アイテール砂漠 ( 同キャラ禁止 )","裏ｱｲﾃ-ﾙ砂漠[同ｷﾔﾗ禁止]"
"Return of the Dark King","甦りし暗黒の王","甦りし暗黒の王"
"Whirlpool in the Waterfall Basin 2","滝壺の大渦 2","滝壺の大渦2"
"Yamatsumi Descended! - Wood Enhanced","ヤマツミ 降臨！ 木属性強化","ﾔﾏﾂﾐ降臨木属性強化"
"牛羯星龍 - Master","牛羯星龍 超級","牛羯星龍超級"
"Cursed Jewels 2","呪われし宝石達 2","呪われし宝石達2"
"Earth Insect Dragon","地の蟲龍","地の蟲龍"
"The Great Egg Hunt","能力覚醒のヒミツ","能力覚醒のﾋﾐﾂ"
"Aegir Descended!","エーギル 降臨！","ｴ-ｷﾞﾙ降臨"
"Wood Faerie - Expert","木妖精 上級","木妖精上級"
"Challenge Descended! 10","降臨チャレンジ！10 ( ノーコン )","降臨ﾁﾔﾚﾝｼﾞ10[ﾉ-ｺﾝ]"
"Century's End - Expert","世紀末 上級","世紀末上級"
"Armored Blade Dragon - Legend","重剣龍 地獄級","重剣龍地獄級"
"Devils' Domain","天魔界","天魔界"
"Gathering of Strong Ones - Expert","強者集結 上級","強者集結上級"
"General Yan - Legend","燕将軍 地獄級","燕将軍地獄級"
"Beautiful Evolution?","進化絢爛？","進化絢爛?"
"Lv7 - No Continue","Lv7 ノーコン","LVﾌﾉ-ｺﾝ"
"Lv2 - Water Enhanced","Lv2 水属性強化","LV2水属性強化"
"Floating Island 2","空に浮かぶ島 2","空に浮かぶ島2"
"Takemikazuchi Descended!","タケミカヅチ 降臨！ ( バランス強化 )","ﾀｹﾐｶﾂﾞﾁ降臨[ﾊﾞﾗﾝｽ強化]"
"Cave of Riches - Legend","実りの洞 地獄級","実りの洞地獄級"
"Alert! Dragon Plant Infestation!","【緊急】ドラプラ大発生！","[緊急]ﾄﾞﾗﾌﾟﾗ大発生"
"Century's End - Master","世紀末 超級","世紀末超級"
"Mars Crater","マルースクレーター","ﾏﾙ-ｽｸﾚ-ﾀ-"
"Surtr Descended! - Devil Enhanced","スルト 降臨！ 悪魔強化","ｽﾙﾄ降臨悪魔強化"
"Almighty Dragon - Annihilation","Almighty Dragon 壊滅級","ALMIGHTYDRAGON壊滅級"
"Twelve Temples - Master","十二宮 超級","十二宮超級"
"Keeper of Ice","氷の番人","氷の番人"
"Legendary Green Dragon","伝説の島龍","伝説の島龍"
"SB - Expert","希望の炎 上級","希望の炎上級"
"Hall of Gift Dragons - Master","贈龍の館 超級","贈龍の館超級"
"Creator Goddess - Master","起源神 超級","起源神超級"
"Green Skies","深緑の空","深緑の空"
"Final Flame Wielder - Legend","終炎者 地獄級","終炎者地獄級"
"Holy Dragon Guarding Ruins","滅びを巡る聖獣龍","滅びを巡る聖獣龍"
"Stream Rewards Dungeon","お正月の祠","お正月の祠"
"Shining Stream Dog Dragon - Mythical","流輝犬龍 超地獄級","流輝犬龍超地獄級"
"Chop Suey Dragon - Int","八宝龍 中級","八宝龍中級"
"Mechanical God - Legend","機操神 地獄級","機操神地獄級"
"Alt. Castle of Satan","裏・魔王の城 ( 同キャラ禁止 )","裏魔王の城[同ｷﾔﾗ禁止]"
"Almighty God - Mythical","全能神 超地獄級","全能神超地獄級"
"Fountain of Recreation","憩いの泉","憩いの泉"
"Underground Ruin 2","地底の大遺跡 2","地底の大遺跡2"
"Challenge Descended! 1","降臨チャレンジ！1 ( ノーコン )","降臨ﾁﾔﾚﾝｼﾞ1[ﾉ-ｺﾝ]"
"SB - Master","希望の炎 超級","希望の炎超級"
"Lv2 - Fire / Wood / Light","Lv2 火木光","LV2火木光"
"Blazing Play","灼熱遊戯","灼熱遊戯"
"Dark Liege","闇黒の魔王","闇黒の魔王"
"Celestial Black Dragon","天元の黒龍","天元の黒龍"
"Shore Maiden - Master","浜磯姫 超級","浜磯姫超級"
"Red Cove - Legend","紅の海窟 地獄級","紅の海窟地獄級"
"Blazing River","燃え盛る河","燃え盛る河"
"Tower of Ice Water","水氷の塔 ( テクニカル )","水氷の塔[ﾃｸﾆｶﾙ]"
"Yomi Goddess - Legend Plus","黄泉神 絶地獄級","黄泉神絶地獄級"
"Bloody Scales Over Soft Skin","柔肌と血染めの鱗","柔肌と血染めの鱗"
"Toynasaurs in the Way","立ち塞がる幼龍","立ち塞がる幼龍"
"Wandering Murderer","徘徊する殺人機","徘徊する殺人機"
"Twelve Temples - Expert","十二宮 上級","十二宮上級"
"Room of Gaia","大地の間","大地の間"
"Ice-Breaking Hooves - Int","氷砕の蹄 中級","氷砕の蹄中級"
"Radiant Queen","輝かしき女王","輝かしき女王"
"Takeminakata Descended!","タケミナカタ 降臨！ ( 木闇無し )","ﾀｹﾐﾅｶﾀ降臨[木闇無し]"
"Shore Maiden - Expert","浜磯姫 上級","浜磯姫上級"
"Blue Cat Dragon - Mythical","藍猫龍 超地獄級","藍猫龍超地獄級"
"Golden Mound","金色の築山 ( 3 色限定 )","金色の築山[3色限定]"
"Beetle Dragon - Legend","兜蟲龍 地獄級","兜蟲龍地獄級"
"Zeus Vulcan Descended!","ゼウス・ヴァルカン 降臨！","ｾﾞｳｽｳﾞｱﾙｶﾝ降臨"
"Lightless Devils' Nest","光届かぬ悪魔の巣","光届かぬ悪魔の巣"
"Rustling of Trees","木々のざわめき","木々のざわめき"
"Nordis Descended!","騎龍王","騎龍王"
"Allure of Flowers","花々の誘惑","花々の誘惑"
"Wadatsumi Tournament","ワダツミ杯 ( 同キャラ禁止 )","ﾜﾀﾞﾂﾐ杯[同ｷﾔﾗ禁止]"
"Leonine King","獅王獣","獅王獣"
"Hera-Is Descended!","ヘラ・イース 降臨！","ﾍﾗｲ-ｽ降臨"
"Mountain Ascetic - Max 12 Cost Each","修験者 コスト 12 以下のみ","修験者ｺｽﾄ12以下のみ"
"Cauchemar Descended!","コシュまる 降臨！","ｺｼﾕまる降臨"
"Gran Reverse Descended!","グラン＝リバース 降臨！ ( ドラゴン強化 )","ｸﾞﾗﾝ=ﾘﾊﾞ-ｽ降臨[ﾄﾞﾗｺﾞﾝ強化]"
"Lava Tube","溶岩洞窟","溶岩洞窟"
"Voice of the Siren","魔性の歌声","魔性の歌声"
"Sky Dragon of Flame","炎の天空龍 ( 回復なし )","炎の天空龍[回復なし]"
"Beef Bowl Dragon - Legend","牛飯龍 地獄級","牛飯龍地獄級"
"Corridor of the Water Mirror","鏡水の回廊","鏡水の回廊"
"Starlight Sanctuary","星空の神域","星空の神域"
"Forbidden Isle 2","禁忌の島 2","禁忌の島2"
"Water Faerie - Expert","水妖精 上級","水妖精上級"
"Guardian of the Doorway","扉の守護獣","扉の守護獣"
"Hypno Forest","ヒュプノ原生林","ﾋﾕﾌﾟﾉ原生林"
"Well Leading Underground 2","地下への古井戸 2","地下への古井戸2"
"Fire! Fire!! Fire!!!","火！火！火！！","火火火"
"Flare Knights","陽炎の騎士","陽炎の騎士"
"Five Roaring Dragons - Int","五龍咆哮 中級","五龍咆哮中級"
"Zouni Dragon - Int","雑煮龍 中級","雑煮龍中級"
"Antique Gear - No Wood","古の歯車 木なし","古の歯車木なし"
"Blazing Great Wings","燃え盛る大翼","燃え盛る大翼"
"Ultimate Devil Rush!","極限デビルラッシュ！","極限ﾃﾞﾋﾞﾙﾗﾂｼﾕ"
"Snow Globe Rush!","一度だけの贈り物","-度だけの贈り物"
"Forest of Darkness 2","暗黒の密林 2","暗黒の密林2"
"Knights of Nature 2","森羅の騎士 2","森羅の騎士2"
"Legendary Flame Dragon","伝説の炎龍","伝説の炎龍"
"Twin Temple Diana","ディエナ双神殿","ﾃﾞｲｴﾅ双神殿"
"Grassland - Legend","ミドリノ草原 極","ﾐﾄﾞﾘﾉ草原極"
"Green Giant","緑の巨人","緑の巨人"
"Road of the Crawling Dead 2","亡者の辿る道 2","亡者の辿る道2"
"Forest Labyrinth - Legend","迷宮の森 地獄級","迷宮の森地獄級"
"Flower Dragon of the Forest 2","眠りの森の花龍 2","眠りの森の花龍2"
"Lv3 - No Dupes","Lv3 同キャラ禁止","LV3同ｷﾔﾗ禁止"
"Queen's Banquet - Mythical Plus","妃の宴 超絶地獄級","妃の宴超絶地獄級"
"Ice Crystal Dragon 2","氷獄の結晶龍 2","氷獄の結晶龍2"
"Legendary Mech Dragon","伝説の機龍","伝説の機龍"
"Jormungandr Descended!","ヨルムンガンド 降臨！","ﾖﾙﾑﾝｶﾞﾝﾄﾞ降臨"
"Green Flower Dragon","翠の華龍 ( 回復なし )","翠の華龍[回復なし]"
"Dungeon of Darkness","闇のダンジョン","闇のﾀﾞﾝｼﾞﾖﾝ"
"Sapphire Defenders","蒼玉の守り手","蒼玉の守り手"
"Hunt for TAMADRA!","たまドラを追え！","たまﾄﾞﾗを追え"
"Alt. Mars Crater","裏・マルースクレーター ( 全属性必須 )","裏ﾏﾙ-ｽｸﾚ-ﾀ-[全属性必須]"
"Flame Snake Woman","炎の蛇女","炎の蛇女"
"Red Flower Dragon","紅の華龍","紅の華龍"
"白猿臣 - Legend","白猿臣 地獄級","白猿臣地獄級"
"Water Faerie - Master","水妖精 超級","水妖精超級"
"Lv7 - No RCV","Lv7 回復なし","LVﾌ回復なし"
"Ruler of the Winds and Clouds","風雲を司る者","風雲を司る者"
"Princess Punt Collab","ケリ姫コラボ ( テクニカル )","ｹﾘ姫ｺﾗﾎﾞ[ﾃｸﾆｶﾙ]"
"Purple Backwater - Int","紫の僻地 中級","紫の僻地中級"
"Cauchemar Descended! - Wood Enhanced","コシュまる 降臨！ 木属性強化","ｺｼﾕまる降臨木属性強化"
"Yamato Challenge!","大和チャレンジ！ ( ノーコン )","大和ﾁﾔﾚﾝｼﾞ[ﾉ-ｺﾝ]"
"蝎双星龍 - Mythical","蝎双星龍 超地獄級","蝎双星龍超地獄級"
"Five Legendary Fangs - Int","五龍連牙 中級","五龍連牙中級"
"仕入れ - Expert","仕入れ 上級","仕入れ上級"
"INVADING GIANTS - Legend","巨人の都 地獄級","巨人の都地獄級"
"Sunless Road","陽を知らぬ道","陽を知らぬ道"
"Cocoon Insect Dragon - Int","蛹蟲龍 中級","蛹蟲龍中級"
"Corridors of Illusion","幻影の回廊","幻影の回廊"
"Twin Jewels in the Sky","天海の双玉","天海の双玉"
"Sonia Gran Descended!","ソニア＝グラン 降臨！","ｿﾆｱ=ｸﾞﾗﾝ降臨"
"Purple Backwater - Legend","紫の僻地 地獄級","紫の僻地地獄級"
"Five Dragon Rumble - Int","五龍鳴動 中級","五龍鳴動中級"
"Cocoon Insect Dragon - Mythical","蛹蟲龍 超地獄級","蛹蟲龍超地獄級"
"Stray Wings","彷徨える翼","彷徨える翼"
"Envoy of Poseidon","海神の使い","海神の使い"
"Aerial Blitz - Legend","五龍天翔 地獄級","五龍天翔地獄級"
"Waterdragon of the Shrine","祠の鮫龍","祠の鮫龍"
"Knight Dragon King - Mythical Plus","騎龍王 超絶地獄級","騎龍王超絶地獄級"
"Great Tengu Descended!","大天狗 降臨！","大天狗降臨"
"Fried Cutlet Dragon - Legend","揚勝龍 地獄級","揚勝龍地獄級"
"Creek of Neleus","ネレウスの入江","ﾈﾚｳｽの入江"
"Dragon Knight Sanctuary","龍騎姫の聖地 ( 同キャラ禁止 )","龍騎姫の聖地[同ｷﾔﾗ禁止]"
"Alt. Hypno Forest","裏・ヒュプノ原生林 ( 同キャラ禁止 )","裏ﾋﾕﾌﾟﾉ原生林[同ｷﾔﾗ禁止]"
"Wood Faerie - Novice","木妖精 初級","木妖精初級"
"Dragon Zombie","ドラゴンゾンビ 降臨！ ( ドラゴン強化 )","ﾄﾞﾗｺﾞﾝｿﾞﾝﾋﾞ降臨[ﾄﾞﾗｺﾞﾝ強化]"
"Incarnation of Blazing Anger 2","炎と怒りの化身 2","炎と怒りの化身2"
"Water Labyrinth - Expert","水の迷路 上級","水の迷路上級"
"Forest Protecting God - Legend","山守神 地獄級","山守神地獄級"
"Mechdragons' Massive Fortress","機械龍の巨大基地","機械龍の巨大基地"
"Divinegon's Den 2","龍神の棲む地 2","龍神の棲む地2"
"Moonlight Princess","月光姫","月光姫"
"Creator Goddess - Legend","起源神 地獄級","起源神地獄級"
"Moonlight Princess - Mythical","月光姫 超地獄級","月光姫超地獄級"
"Underground Fire Lake","灼熱の地底湖","灼熱の地底湖"
"Ruby Altar","紅玉の祭壇","紅玉の祭壇"
"Wrath of the Giant","巨人の怒り","巨人の怒り"
"Green Cove - Legend","碧の海窟 地獄級","碧の海窟地獄級"
"Light Labyrinth - Master","光の迷路 超級","光の迷路超級"
"Red Guardian","赤の守護龍","赤の守護龍"
"Goddess of War","戦いの神","戦いの神"
"Kaguya-Hime - Awoken Skills Invalid","かぐや姫 降臨！ 覚醒スキル無効","かぐや姫降臨覚醒ｽｷﾙ無効"
"Forgotten Treasure","忘れられた宝物","忘れられた宝物"
"Gold Pirate Dragon","金の海賊龍","金の海賊龍"
"Lv2 - Fire / Water / Dark","Lv2 火水闇","LV2火水闇"
"Crater Entrance","火口入り口","火口入り口"
"Water Labyrinth - Master","水の迷路 超級","水の迷路超級"
"Hel Descended! - Dark Enhanced","ヘル 降臨！ 闇属性強化","ﾍﾙ降臨闇属性強化"
"Challenge Descended! 6","降臨チャレンジ！ 6 ( ノーコン )","降臨ﾁﾔﾚﾝｼﾞ6[ﾉ-ｺﾝ]"
"Ark Dragon - Annihilation","聖舶龍 壊滅級","聖舶龍壊滅級"
"Piggy Island - Master","ピギー島 超級","ﾋﾟｷﾞ-島超級"
"Water Faerie - Novice","水妖精 初級","水妖精初級"
"Rusted Altar","朽ち果てた祭壇","朽ち果てた祭壇"
"Light Labyrinth - Expert","光の迷路 上級","光の迷路上級"
"Hell Demon - Mythical Plus","灼冥魔 超絶地獄級","灼冥魔超絶地獄級"
"Punisher from Hell 2","奈落の処刑龍 2","奈落の処刑龍2"
"Aamir Descended!","アーミル 降臨！","ｱ-ﾐﾙ降臨"
"Final Flame Wielder - Mythical","終炎者 超地獄級","終炎者超地獄級"
"Challenge Descended! 4","降臨チャレンジ！4 ( ノーコン )","降臨ﾁﾔﾚﾝｼﾞ4[ﾉ-ｺﾝ]"
"Castle Gate","城門","城門"
"Dawn in the Sky","暁光の空","暁光の空"
"Sunlight Temple","陽光の神殿","陽光の神殿"
"Dark Insect Dragon","闇の蟲龍","闇の蟲龍"
"Beelzebub Descended!","ベルゼブブ 降臨！","ﾍﾞﾙｾﾞﾌﾞﾌﾞ降臨"
"Piggy Island - Expert","ピギー島 上級","ﾋﾟｷﾞ-島上級"
"Jupiter, City in the Sky","空中都市ジュピテル","空中都市ｼﾞﾕﾋﾟﾃﾙ"
"Storm Claws","疾風の鋭爪","疾風の鋭爪"
"Alt. Starlight Sanctuary","裏・星空の神域 ( 覚醒無効 )","裏星空の神域[覚醒無効]"
"Jester Dragon - Expert","道化龍 上級","道化龍上級"
"Golden Gift","正月参り 3 日目","正月参り3日目"
"Gate to the Mystic Land 2","秘境への入り口 2","秘境への入り口2"
"Banquet of Temptation","誘惑の宴","誘惑の宴"
"Red Skies - Int","緋天の空 中級","緋天の空中級"
"Green Skies - Master","深緑の空 超級","深緑の空超級"
"Cave of the Valley","谷底の洞窟","谷底の洞窟"
"Lv1 - Tricolor","Lv1 3 色限定","LV13色限定"
"Genie of the Lamp","ランプの魔神","ﾗﾝﾌﾟの魔神"
"Wood & Thunder Paired Dragons - Mythical","木雷対龍 超地獄級","木雷対龍超地獄級"
"A Gathering of Kings!","キング大集合！","ｷﾝｸﾞ大集合"
"Weekend Dungeon","土日ダンジョン","土日ﾀﾞﾝｼﾞﾖﾝ"
"Bottomless Void","底なしの大穴","底なしの大穴"
"Honorable Dragon - Mythical","義愛龍 超地獄級","義愛龍超地獄級"
"Rosettes and Water Blood","豹紋と水皿","豹紋と水皿"
"Cave of Dreaming - Mythical","夢見洞 超地獄級","夢見洞超地獄級"
"Blue Flower Dragon","蒼の華龍 ( 回復なし )","蒼の華龍[回復なし]"
"Jester Dragon - Master","道化龍 超級","道化龍超級"
"Sorceress","魔導姫","魔導姫"
"Blue Grotto","蒼の海窟","蒼の海窟"
"Mysterious Gallery - No Fire","謎の画廊 火なし","謎の画廊火なし"
"Shining Island","輝く孤島","輝く孤島"
"Two Heroes","双勇者","双勇者"
"Angry Birds Collab","アングリーバード コラボ","ｱﾝｸﾞﾘ-ﾊﾞ-ﾄﾞｺﾗﾎﾞ"
"Cave of Riches - Master","実りの洞 超級","実りの洞超級"
"Green Skies - Expert","深緑の空 上級","深緑の空上級"
"Welcoming Sea God - Mythical","迎海神 超地獄級","迎海神超地獄級"
"Legendary Dragons' Footprints","伝説龍の足跡","伝説龍の足跡"
"Sapphire Altar","蒼玉の祭壇","蒼玉の祭壇"
"東ゴルトー - プロ","東ゴルトー プロ","東ｺﾞﾙﾄ-ﾌﾟﾛ"
"Corpse Wyrm","屍霊龍","屍霊龍"
"Red Guardian 2","赤の守護龍 2","赤の守護龍2"
"Lightning Dragons of the Skies","大空の雷帝龍","大空の雷帝龍"
"Legendary Mountain Path","伝説の山道","伝説の山道"
"Shielded Mechanical Dragons - Legend","覆殻機龍 地獄級","覆殻機龍地獄級"
"Great Wheel of Fire 2","火中の大輪 2","火中の大輪2"
"Twin Jewels in the Sky 2","天海の双玉 2","天海の双玉2"
"Ice Knight - Master","氷の騎士 超級","氷の騎士超級"
"True Nightmare 2","悪夢の具現 2","悪夢の具現2"
"Lv3 - Wood / Light / Dark","Lv3 木光闇","LV3木光闇"
"Lv3 - Tricolor","Lv3 3 色限定","LV33色限定"
"Newport City","ニューポートシティ","ﾆﾕ-ﾎﾟ-ﾄｼﾃｲ"
"Takeminakata Tournament - No Active Skills","タケミナカタ杯β スキル使用不可","ﾀｹﾐﾅｶﾀ杯Βｽｷﾙ使用不可"
"Ice Knight - Expert","氷の騎士 上級","氷の騎士上級"
"Gaia Descended!","ガイア 降臨！","ｶﾞｲｱ降臨"
"年末プレゼント","イベント記念","ｲﾍﾞﾝﾄ記念"
"Flower Dragon of the Forest","眠りの森の花龍","眠りの森の花龍"
"Shrine of Blazing Woods","炎樹の祠","炎樹の祠"
"仕入れ - Master","仕入れ 超級","仕入れ超級"
"Shrine of Spirits - Expert","精霊の祠 上級","精霊の祠上級"
"Dance of Flame and Light 2","炎と光の舞 2","炎と光の舞2"
"Gathering of Strong Ones - Legend","強者集結 地獄級","強者集結地獄級"
"Lv2 - Tricolor","Lv2 3 色限定","LV23色限定"
"Bearded & Fanged Mechanical Dragons - Legend","髭牙機龍 地獄級","髭牙機龍地獄級"
"Room of Sunlight","陽光の間","陽光の間"
"Door to Heaven","神界への扉","神界への扉"
"Blue Hero","青の勇者","青の勇者"
"Bearded & Fanged Mechanical Dragons - Int","髭牙機龍 中級","髭牙機龍中級"
"Shielded Goddess","白盾の女神","白盾の女神"
"Together at Last! Evo Rush!!","集結！進化ラッシュ！！","集結進化ﾗﾂｼﾕ"
"Ground Dragon Arisen","目覚めた地底龍","目覚めた地底龍"
"Linthia Descended!","リンシア 降臨！ ( 特殊 )","ﾘﾝｼｱ降臨[特殊]"
"Wadatsumi Descended! - Water Enhanced","ワダツミ 降臨！ 水属性強化","ﾜﾀﾞﾂﾐ降臨水属性強化"
"Blazing Highway","紅蓮街道","紅蓮街道"
"ナメック星 - Int","ナメック星 中級","ﾅﾒﾂｸ星中級"
"Gate to Hell 2","冥府の門 2","冥府の門2"
"Green Cove - Int","碧の海窟 中級","碧の海窟中級"
"Wadatsumi Descended! - Awoken Skills Invalid","ワダツミ 降臨！ 覚醒スキル無効","ﾜﾀﾞﾂﾐ降臨覚醒ｽｷﾙ無効"
"Buddha Statue Descended? - Master","大仏降臨？ 超級","大仏降臨?超級"
"Rusted Mechdragon","滅びの機械龍","滅びの機械龍"
"Underground Ruin","地底の大遺跡","地底の大遺跡"
"Fire Carnival","火のアンケートカーニバル","火のｱﾝｹ-ﾄｶ-ﾆﾊﾞﾙ"
"Diva in a Sea of Clouds 2","雲海の歌姫 2","雲海の歌姫2"
"Radiant Darkness Ghost","輝暗の妖魔","輝暗の妖魔"
"Black Grotto","黒の海窟","黒の海窟"
"Ice Crystal Dragon","氷獄の結晶龍","氷獄の結晶龍"
"Dark Forbidden Area - Master","禁域の闇 超級","禁域の闇超級"
"Golden Altar","黄玉の祭壇","黄玉の祭壇"
"Cave of Riches - Int","実りの洞 中級","実りの洞中級"
"Twilight in the Sky","宵闇の空","宵闇の空"
"Red Backwater - Int","紅の僻地 中級","紅の僻地中級"
"Blue Cat Dragon - Expert","藍猫龍 上級","藍猫龍上級"
"魔人復活 - Int","魔人復活 中級","魔人復活中級"
"Izanami Tournament Beta","イザナミ杯β","ｲｻﾞﾅﾐ杯Β"
"時の狭間 - Legend","時の狭間 地獄級","時の狭間地獄級"
"Wood & Thunder Paired Dragons - Master","木雷対龍 超級","木雷対龍超級"
"Metal Dragon Hunting","メタドラを追え！","ﾒﾀﾄﾞﾗを追え"
"Metropolis Memorial - Legend","メトロポリス 地獄級","ﾒﾄﾛﾎﾟﾘｽ地獄級"
"Buddha Statue Descended? - Expert","大仏降臨？ 上級","大仏降臨?上級"
"チョコボの贈り物","一度きりの来訪","-度きりの来訪"
"Shining Goddess - Mythical","煌女神 超地獄級","煌女神超地獄級"
"溟鮫龍 - Legend","溟鮫龍 地獄級","溟鮫龍地獄級"
"Sha Wujing & Zhu Bajie Descended!","沙悟浄＆猪八戒 降臨！","沙悟浄&猪八戒降臨"
"Lv3 - Fire / Light / Dark","Lv3 火光闇","LV3火光闇"
"Hill of Iris's Rainbow","イーリスの虹の丘","ｲ-ﾘｽの虹の丘"
"Abyss - Int","奈落の底 中級","奈落の底中級"
"Heracles Descended! - Physical Enchanced","ヘラクレス 降臨！ 体力強化","ﾍﾗｸﾚｽ降臨体力強化"
"白猿臣 - Mythical","白猿臣 超地獄級","白猿臣超地獄級"
"Dark Forbidden Area - Expert","禁域の闇 上級","禁域の闇上級"
"蝎双星龍 - Int","蝎双星龍 中級","蝎双星龍中級"
"Alt. Hemera Volcanic Belt","裏・ヘーメラウ火山地帯","裏ﾍ-ﾒﾗｳ火山地帯"
"Blue Cat Dragon - Master","藍猫龍 超級","藍猫龍超級"
"Noah Tournament","ノア杯β","ﾉｱ杯Β"
"Lv5 - No Dupes","Lv5 同キャラ禁止","LV5同ｷﾔﾗ禁止"
"Crimson Grotto","紅の海窟","紅の海窟"
"Xuanzang Descended!","三蔵法師 降臨！ ( コスト 20 以下のみ )","三蔵法師降臨[ｺｽﾄ20以下のみ]"
"Divine Queen - Legend","神王妃 地獄級","神王妃地獄級"
"Endless Corridors - No RCV","無限回廊 回復なし","無限回廊回復なし"
"Metal/Gold Outbreak!","メタゴル大発生！","ﾒﾀｺﾞﾙ大発生"
"Lv9 - No Continue","Lv9 ノーコン","LV9ﾉ-ｺﾝ"
"Miracle Stone - No Water","奇跡の石 水なし","奇跡の石水なし"
"Holy Night Saint - Blessed","聖夜神 祝福","聖夜神祝福"
"Alt. Talos's Abyss","裏・タロス奈落穴 ( 同キャラ禁止 )","裏ﾀﾛｽ奈落穴[同ｷﾔﾗ禁止]"
"Beast Princess in the Woods","森の獣姫","森の獣姫"
"Tower of Blazing Fire","猛炎の塔 ( テクニカル )","猛炎の塔[ﾃｸﾆｶﾙ]"
"Shining Death Queen - Legend","耀冥妃 地獄級","耀冥妃地獄級"
"Lv1 - Water / Wood / Light","Lv1 水木光","LV1水木光"
"Room of Shadow","陰影の間","陰影の間"
"Chaos Dragon of Ruins 2","破滅の混沌龍 2","破滅の混沌龍2"
"Medjedra Descended!","冥護神","冥護神"
"Shielded Mechanical Dragons - Int","覆殻機龍 中級","覆殻機龍中級"
"Wood & Thunder Paired Dragons - Expert","木雷対龍 上級","木雷対龍上級"
"Disc of Ephemeris - No Light","暦の円盤 光なし","暦の円盤光なし"
"The Plan of the Wicked Woods","妖樹の計略","妖樹の計略"
"Lightning Fist God - Legend","雷拳神 地獄級","雷拳神地獄級"
"Room of Twin Fish 2","双魚の間 2","双魚の間2"
"Poring Tower","ポリンの塔","ﾎﾟﾘﾝの塔"
"Sword of Flames - Int","焔の騎士 中級","焔の騎士中級"
"Whirlpool in the Waterfall Basin","滝壺の大渦","滝壺の大渦"
"Twin Jewels of Fire and Water","水と火の双玉","水と火の双玉"
"Thump! - Easy","ドン！ かんたん","ﾄﾞﾝかんたん"
"A Gathering of Super Kings!","超キング大集合！","超ｷﾝｸﾞ大集合"
"Alt. Tower to the Sky","裏・天へと続く塔 ( 全属性必須 )","裏天へと続く塔[全属性必須]"
"Gift from the Heavenly Garden","天庭からの贈り物","天庭からの贈り物"
"Serpent Loved by Flame","炎に愛された蛇","炎に愛された蛇"
"Knight of Blazing Wings","炎翼の騎士","炎翼の騎士"
"The Encounter of a Lifetime","一度きりの邂逅","-度きりの邂逅"
"Princess of Darkness - Legend","黒冥姫 地獄級","黒冥姫地獄級"
"Peaceful Garden","やすらぎ箱庭","やすらぎ箱庭"
"Dragon Zombie - Dragons Only","ドラゴンゾンビ 降臨！ ドラゴン限定","ﾄﾞﾗｺﾞﾝｿﾞﾝﾋﾞ降臨ﾄﾞﾗｺﾞﾝ限定"
"Legend of Revolution - Expert","革命伝説 上級","革命伝説上級"
"Hopping Insect Dragon - Int","跳蟲龍 中級","跳蟲龍中級"
"Water & Dark Paired Dragons - Int","水闇対龍 中級","水闇対龍中級"
"Alt. Talos's Abyss","裏・タロス奈落穴","裏ﾀﾛｽ奈落穴"
"Legend of Revolution - Master","革命伝説 超級","革命伝説超級"
"Tracker of the Wind - Expert","風の追跡者 上級","風の追跡者上級"
"Honey Insect Dragon - Master","蜜蟲龍 超級","蜜蟲龍超級"
"Dark Flames Ghost","暗炎の妖魔","暗炎の妖魔"
"Sky Above the Blue Ocean","蒼海の空","蒼海の空"
"Rusted Altar 2","朽ち果てた祭壇 2","朽ち果てた祭壇2"
"Fiend Prince - Mythical","狂皇子 超地獄級","狂皇子超地獄級"
"Dark Labyrinth - Int","闇の迷路 中級","闇の迷路中級"
"Toynasaurs in the Way 2","立ち塞がる幼龍 2","立ち塞がる幼龍2"
"Noah Dragon Descended!","ノア＝ドラゴン 降臨！","ﾉｱ=ﾄﾞﾗｺﾞﾝ降臨"
"仕入れ - Legend","仕入れ 地獄級","仕入れ地獄級"
"Grassland - Master","ミドリノ草原 松","ﾐﾄﾞﾘﾉ草原松"
"Lv8 - No Dupes","Lv8 同キャラ禁止","LV8同ｷﾔﾗ禁止"
"Departure Tower","旅立ちの塔","旅立ちの塔"
"Fire & Light Armored Dragons","火と光の機甲龍","火と光の機甲龍"
"Twin Jewels of Water and Wood","木と水の双玉","木と水の双玉"
"RO Collab","ROコラボ","ROｺﾗﾎﾞ"
"Amethyst Altar 2","紫水晶の祭壇 2","紫水晶の祭壇2"
"Green Backwater - Legend","翠の僻地 地獄級","翠の僻地地獄級"
"Dragon's Den 2","龍の巣 2","龍の巣2"
"聖魔大戦 - Legend","聖魔大戦 地獄級","聖魔大戦地獄級"
"Shore Maiden - Novice","浜磯姫 初級","浜磯姫初級"
"Revenge of the Metal Dragons","メタドラの逆襲！","ﾒﾀﾄﾞﾗの逆襲"
"Green Backwater - Master","翠の僻地 超級","翠の僻地超級"
"Pluto Valley","プルトゥ渓谷","ﾌﾟﾙﾄｳ渓谷"
"Water Flames Ghost","水炎の妖魔","水炎の妖魔"
"Pursuer of Light - Expert","光の追跡者 上級","光の追跡者上級"
"Green Backwater - Expert","翠の僻地 上級","翠の僻地上級"
"Alt. Castle of Satan in Abyss","裏・深淵の魔王城","裏深淵の魔王城"
"Junos Island","ジュノース島","ｼﾞﾕﾉ-ｽ島"
"Amethyst Cave","紫水晶の洞穴","紫水晶の洞穴"
"Goddess of Harvest","豊饒の神","豊饒の神"
"Door of Light and Shadow","陰陽の扉","陰陽の扉"
"Shadow of Destruction - Legend","破滅の影 地獄級","破滅の影地獄級"
"Alt. Hemera Volcanic Belt","裏・ヘーメラウ火山地帯 ( 同キャラ禁止 )","裏ﾍ-ﾒﾗｳ火山地帯[同ｷﾔﾗ禁止]"
"Kingly Triumph","公式生放送プレゼント","公式生放送ﾌﾟﾚｾﾞﾝﾄ"
"Wild Dance of the Three Beasts 2","三獣乱舞 2","三獣乱舞2"
"Pursuer of Light - Master","光の追跡者 超級","光の追跡者超級"
"One-Shot Challenge! 1","一度きりチャレンジ！1 ( ノーコン )","-度きりﾁﾔﾚﾝｼﾞ1[ﾉ-ｺﾝ]"
"Mei Zhou Lang - Mythical","美周郎 超地獄級","美周郎超地獄級"
"Fried Cutlet Dragon - Mythical","揚勝龍 超地獄級","揚勝龍超地獄級"
"Challenge of a Lifetime","一度きりの試練","-度きりの試練"
"Xuanzang's Party - Mythical","三蔵一行 超地獄級","三蔵-行超地獄級"
"True Dragon Realm - Mythical Plus","真龍界 超絶地獄級","真龍界超絶地獄級"
"聖魔大戦 - Int","聖魔大戦 中級","聖魔大戦中級"
"Phantom Beast's Garden - Legend","幻獣の庭 地獄級","幻獣の庭地獄級"
"Ultimate Hera Rush!","極限ヘララッシュ！","極限ﾍﾗﾗﾂｼﾕ"
"Metropolis Memorial - Int","メトロポリス 中級","ﾒﾄﾛﾎﾟﾘｽ中級"
"Zeus & Hera Descended!","ゼウス＆ヘラ 降臨！","ｾﾞｳｽ&ﾍﾗ降臨"
"Blue Cove - Master","蒼の海窟 超級","蒼の海窟超級"
"Keeper of Trees","大樹の番人","大樹の番人"
"Hera-Beorc Descended! - Healer Enchanced","ヘラ・ベオーク 降臨！ 回復強化","ﾍﾗﾍﾞｵ-ｸ降臨回復強化"
"Goddess of War 2","戦いの神 2","戦いの神2"
"Moonlight Princess - Legend Plus","月光姫 絶地獄級","月光姫絶地獄級"
"A Wonderful Present","素敵なプレゼント","素敵なﾌﾟﾚｾﾞﾝﾄ"
"Wailing Wind - Expert","唸る旋風 上級","唸る旋風上級"
"Dream Labyrinth - Kingdom","夢の迷宮 王国","夢の迷宮王国"
"Three Dragons 2","三龍の集い 2","三龍の集い2"
"Sea Dragon King - Mythical Plus","海龍王 超絶地獄級","海龍王超絶地獄級"
"Hunt Ruby Dragons!","ルビドラを追え！","ﾙﾋﾞﾄﾞﾗを追え"
"Wood Labyrinth - Int","木の迷路 中級","木の迷路中級"
"Yamatsumi Descended!","ヤマツミ 降臨！ ( 木属性強化 )","ﾔﾏﾂﾐ降臨[木属性強化]"
"Zhang Fei!!","張飛 参上！ ( 体力攻撃強化 )","張飛参上[体力攻撃強化]"
"Wings of Sunlight - Expert","日輪の翼 上級","日輪の翼上級"
"Frozen Hell Demon - Legend","凍冥魔 地獄級","凍冥魔地獄級"
"Wings of Sunlight - Master","日輪の翼 超級","日輪の翼超級"
"Noah Descended!-All Att. Req. - All Att Needed","聖舶神 全属性必須","聖舶神全属性必須"
"Hyperion Lava Flow","ヒュペリオ溶岩河","ﾋﾕﾍﾟﾘｵ溶岩河"
"Blue Cove - Expert","蒼の海窟 上級","蒼の海窟上級"
"Fairies' Paradise 2","楽園の妖精 2","楽園の妖精2"
"Hanuman Descended!","ハヌマーン 降臨！ ( 同キャラ禁止 )","ﾊﾇﾏ-ﾝ降臨[同ｷﾔﾗ禁止]"
"Zeus Challenge!","ゼウスチャレンジ！ ( ノーコン )","ｾﾞｳｽﾁﾔﾚﾝｼﾞ[ﾉ-ｺﾝ]"
"Forest Protecting God - Mythical","山守神 超地獄級","山守神超地獄級"
"Wailing Wind - Master","唸る旋風 超級","唸る旋風超級"
"City of Corpses","骸の都","骸の都"
"Super Gold Dragons Descended","超ゴルドラ 降臨！","超ｺﾞﾙﾄﾞﾗ降臨"
"Legend of Revolution - 革命級","革命伝説 革命級","革命伝説革命級"
"Talos's Abyss","タロス奈落穴","ﾀﾛｽ奈落穴"
"Gods of Starry Wisdom - Mythical","星知神 超地獄級","星知神超地獄級"
"Honey Insect Dragon - Expert","蜜蟲龍 上級","蜜蟲龍上級"
"Lv1 - Fire / Light / Dark","Lv1 火光闇","LV1火光闇"
"Guardian of Skies and Seas","空と海の守護者","空と海の守護者"
"Zouni Dragon - Mythical","雑煮龍 超地獄級","雑煮龍超地獄級"
"Water Faerie - Int","水妖精 中級","水妖精中級"
"Forbidden Isle","禁忌の島","禁忌の島"
"Dream Labyrinth - Int","夢の迷宮 中級","夢の迷宮中級"
"Dragon Bed - Legend","龍の寝床 地獄級","龍の寝床地獄級"
"Blue Pirate Dragon","蒼の海賊龍","蒼の海賊龍"
"Lv8 - All Att Needed","Lv8 全属性必須","LV8全属性必須"
"White Snake","白き大蛇","白き大蛇"
"Mephisto Descended!","メフィスト 降臨！ ( 回復なし )","ﾒﾌｲｽﾄ降臨[回復なし]"
"Friday Dungeon","金曜ダンジョン","金曜ﾀﾞﾝｼﾞﾖﾝ"
"Lv2 - No Dupes","Lv2 同キャラ禁止","LV2同ｷﾔﾗ禁止"
"Alt. Shrine of Green Water","裏・樹水の祠","裏樹水の祠"
"Kaguya-Hime","かぐや姫 降臨！ ( 回復なし / 覚醒無効 )","かぐや姫降臨[回復なし/覚醒無効]"
"酒呑童子 降臨！","酒呑童子 降臨！","酒呑童子降臨"
"Challenge Descended! 9","降臨チャレンジ！9 ( ノーコン )","降臨ﾁﾔﾚﾝｼﾞ9[ﾉ-ｺﾝ]"
"Gaia Descended!","ガイア 降臨！ ( 神強化 )","ｶﾞｲｱ降臨[神強化]"
"Indigo Descended!","インディゴ 降臨！","ｲﾝﾃﾞｲｺﾞ降臨"
"PAD Z Collab","パズドラＺ コラボ","ﾊﾟｽﾞﾄﾞﾗZｺﾗﾎﾞ"
"Guan Yinping!","関銀屏 参上！","関銀屏参上"
"Room of Prayers 2","祈りの間 2","祈りの間2"
"Alt. Castle of Satan in Abyss","裏・深淵の魔王城 ( 同キャラ禁止 )","裏深淵の魔王城[同ｷﾔﾗ禁止]"
"Moonlight Princess - Legend","月光姫 地獄級","月光姫地獄級"
"Ice Mechdragon","氷の機械龍","氷の機械龍"
"Twilight Woods","宵闇の森","宵闇の森"
"Arboreal Queen - Mythical","創樹妃 超地獄級","創樹妃超地獄級"
"Mythical Endless Corridors - Awoken Skills Invalid","超絶・無限回廊 覚醒スキル無効","超絶無限回廊覚醒ｽｷﾙ無効"
"Zeus-Dios Descended!","ゼウス・ディオス降臨！","ｾﾞｳｽﾃﾞｲｵｽ降臨"
"Revenge of the Ruby Dragons","ルビドラの逆襲！","ﾙﾋﾞﾄﾞﾗの逆襲"
"Jade Defenders","翠玉の守り手","翠玉の守り手"
"Deity of Merit - Master","功徳神 超級","功徳神超級"
"Demonic Fire Queen - Legend Plus","魔炎妃 絶地獄級","魔炎妃絶地獄級"
"Lv3 - Fire / Wood / Light","Lv3 火木光","LV3火木光"
"Zeus Vulcan Tournament Beta","ゼウス・ヴァルカン杯β","ｾﾞｳｽｳﾞｱﾙｶﾝ杯Β"
"Scarlet Stone Blade Dragon","緋石の刃龍","緋石の刃龍"
"Castle of Satan in the Abyss","深淵の魔王城","深淵の魔王城"
"Challenge Descended! 7","降臨チャレンジ！ 7 ( ノーコン )","降臨ﾁﾔﾚﾝｼﾞﾌ[ﾉ-ｺﾝ]"
"Aerial Blitz - Int","五龍天翔 中級","五龍天翔中級"
"Flare Knights 2","陽炎の騎士 2","陽炎の騎士2"
"Grassland - Int","ミドリノ草原 梅","ﾐﾄﾞﾘﾉ草原梅"
"Together at Last! Rare Evo Rush!","集結！レア進化ラッシュ！！","集結ﾚｱ進化ﾗﾂｼﾕ"
"Dawn in the Sky - Master","暁光の空 超級","暁光の空超級"
"Holy Goddess - Mythical","聖女神 超地獄級","聖女神超地獄級"
"Dawn in the Sky - Expert","暁光の空 上級","暁光の空上級"
"Fire & Shadow Dog Dragons","火と影の犬龍 ( 同キャラ禁止 )","火と影の犬龍[同ｷﾔﾗ禁止]"
"Super-Ultimate Dragon Rush!","超極限ドラゴンラッシュ！","超極限ﾄﾞﾗｺﾞﾝﾗﾂｼﾕ"
"Wind Flames Ghost","風炎の妖魔","風炎の妖魔"
"Keeper of the Red - Expert","赤の番人 上級","赤の番人上級"
"Dungeon of Light","光のダンジョン","光のﾀﾞﾝｼﾞﾖﾝ"
"Gathering of Strong Ones - Master","強者集結 超級","強者集結超級"
"Draggie!","ドラりん 降臨！ ( 攻撃強化 )","ﾄﾞﾗりん降臨[攻撃強化]"
"Training Path","修練の道","修練の道"
"Dragon's Den","龍の巣","龍の巣"
"Challenge Dungeons! 9","チャレンジダンジョン！9","ﾁﾔﾚﾝｼﾞﾀﾞﾝｼﾞﾖﾝ9"
"Lv8 - Healer & God Enchanced","Lv8 回復神強化","LV8回復神強化"
"Challenge Dungeons! 7","チャレンジダンジョン！7","ﾁﾔﾚﾝｼﾞﾀﾞﾝｼﾞﾖﾝﾌ"
"Holy Night Festival - Blessed","聖夜祭 祝福","聖夜祭祝福"
"Challenge Dungeons! 8","チャレンジダンジョン！8","ﾁﾔﾚﾝｼﾞﾀﾞﾝｼﾞﾖﾝ8"
"The Lady General","義将姫","義将姫"
"Sunday All-Stars Collab","サンデーオールスターズ コラボ","ｻﾝﾃﾞ-ｵ-ﾙｽﾀ-ｽﾞｺﾗﾎﾞ"
"Water Dragon Gate","水龍の門","水龍の門"
"Hemera Volcanic Belt","ヘーメラウ火山地帯","ﾍ-ﾒﾗｳ火山地帯"
"Challenge Dungeons! 1","チャレンジダンジョン！1","ﾁﾔﾚﾝｼﾞﾀﾞﾝｼﾞﾖﾝ1"
"Challenge Dungeons! 2","チャレンジダンジョン！2","ﾁﾔﾚﾝｼﾞﾀﾞﾝｼﾞﾖﾝ2"
"Challenge Dungeons! 5","チャレンジダンジョン！5","ﾁﾔﾚﾝｼﾞﾀﾞﾝｼﾞﾖﾝ5"
"Dragon Zombie - Dragon Enchanced","ドラゴンゾンビ ドラゴン強化","ﾄﾞﾗｺﾞﾝｿﾞﾝﾋﾞﾄﾞﾗｺﾞﾝ強化"
"Sea of White Clouds 2","白雲の海 2","白雲の海2"
"Challenge Dungeons! 6","チャレンジダンジョン！6","ﾁﾔﾚﾝｼﾞﾀﾞﾝｼﾞﾖﾝ6"
"Challenge Dungeons! 3","チャレンジダンジョン！3","ﾁﾔﾚﾝｼﾞﾀﾞﾝｼﾞﾖﾝ3"
"Challenge Dungeons! 4","チャレンジダンジョン！4","ﾁﾔﾚﾝｼﾞﾀﾞﾝｼﾞﾖﾝ4"
"Invitation to the Abyss","深海へ誘うもの","深海へ誘うもの"
"Mechanical God - Mythical","機操神 超地獄級","機操神超地獄級"
"Piggy Island - Gold","ピギー島 黄金級","ﾋﾟｷﾞ-島黄金級"
"Gods of Starry Wisdom","星知神","星知神"
"The Goddess Descended!","女神 降臨！","女神降臨"
"Room of the Sacred Mask - Legend","神面の間 地獄級","神面の間地獄級"
"Fire-Worshipping Snake","火を祀る蛇","火を祀る蛇"
"Cauchemar Tournament","コシュまる杯β","ｺｼﾕまる杯Β"
"Legend of Revolution - 侵略級","革命伝説 侵略級","革命伝説侵略級"
"Wise Horse with Water Shield","水纏う賢馬","水纏う賢馬"
"Blue Backwater - Expert","蒼の僻地 上級","蒼の僻地上級"
"Room of the Mask","仮面の間","仮面の間"
"Extreme Dragon Rush! 2","超絶ドラゴンラッシュ2！","超絶ﾄﾞﾗｺﾞﾝﾗﾂｼﾕ2"
"Innocent Attack","悪意無き猛襲","悪意無き猛襲"
"Sky-Scraping Iceberg","雲穿つ氷山","雲穿つ氷山"
"Dungeon of Water","水のダンジョン","水のﾀﾞﾝｼﾞﾖﾝ"
"White Guardian Deity - Legend","白番神 地獄級","白番神地獄級"
"Shielded Mechanical Dragons - Mythical","覆殻機龍 超地獄級","覆殻機龍超地獄級"
"Cocoon Insect Dragon - Legend","蛹蟲龍 地獄級","蛹蟲龍地獄級"
"Pursuer of Light - Novice","光の追跡者 初級","光の追跡者初級"
"Dragon Bed - Int","龍の寝床 中級","龍の寝床中級"
"Envoy of Poseidon 2","海神の使い 2","海神の使い2"
"Wood Cat Dragon","木の猫龍 ( 火なし )","木の猫龍[火なし]"
"Sea Bowl Demon - Int","海の丼魔 中級","海の丼魔中級"
"Spirit of Blaze","灼熱の御霊","灼熱の御霊"
"Lv3 - Fire / Water / Light","Lv3 火水光","LV3火水光"
"Frozen Ground 2","凍てつく大地 2","凍てつく大地2"
"Queen of Absolute Zero - Mythical","氷零妃 超地獄級","氷零妃超地獄級"
"Ultimate Yamato Rush","極限大和ラッシュ！","極限大和ﾗﾂｼﾕ"
"Blazing Toydragon","燃え盛る玩具龍","燃え盛る玩具龍"
"Door of Wood","樹木の扉","樹木の扉"
"Grand Dragon Cat - Legend","八猫龍 地獄級","八猫龍地獄級"
"Inverted Eternal Dragon - Mythical","裏継界龍 超地獄級","裏継界龍超地獄級"
"Storm Lancers","嵐槍の騎士","嵐槍の騎士"
"Beautiful Being","美しきもの","美しきもの"
"Twin Temple Apollo","アポルォ双神殿","ｱﾎﾟﾙｵ双神殿"
"Twilight in the Sky - Int","宵闇の空 中級","宵闇の空中級"
"Noble Mechdragon","皇たる機械龍","皇たる機械龍"
"Hel Descended!","ヘル 降臨！","ﾍﾙ降臨"
"Five Roaring Dragons - Master","五龍咆哮 超級","五龍咆哮超級"
"Soul Society - Int","尸魂界 中級","尸魂界中級"
"Sunshine Through the Woods","木漏れ日の中で","木漏れ日の中で"
"Father of Gods","天地神","天地神"
"Scarlet Desert Isle","紅の孤島","紅の孤島"
"ECO Collab","ECO コラボ","ECOｺﾗﾎﾞ"
"The Mermaid's Feast","人魚達の宴","人魚達の宴"
"Bearded & Fanged Mechanical Dragons - Master","髭牙機龍 超級","髭牙機龍超級"
"Batman Collab 2","バットマン コラボ2","ﾊﾞﾂﾄﾏﾝｺﾗﾎﾞ2"
"Blazing Dragon 2","火を統べる龍 2","火を統べる龍2"
"Hopping Insect Dragon - Mythical","跳蟲龍 超地獄級","跳蟲龍超地獄級"
"Alt. Rhea-Themis Temple","裏・レア・テミス寺院 ( 同キャラ禁止 )","裏ﾚｱﾃﾐｽ寺院[同ｷﾔﾗ禁止]"
"Five Roaring Dragons - Expert","五龍咆哮 上級","五龍咆哮上級"
"Absolute Zero - Expert","絶対零度 上級","絶対零度上級"
"Pengdra Village","ペンドラの里","ﾍﾟﾝﾄﾞﾗの里"
"Colossal Dragon Cat - Legend","重猫龍 地獄級","重猫龍地獄級"
"Queen of Absolute Zero","氷零妃","氷零妃"
"Hunter at the Seaside 2","海辺の狩人 2","海辺の狩人2"
"Lv9 - Awoken Skills Invalid","Lv9 覚醒スキル無効","LV9覚醒ｽｷﾙ無効"
"Lightning Dragons of the Skies 2","大空の雷帝龍 2","大空の雷帝龍2"
"White Guardian Deity - Mythical","白番神 超地獄級","白番神超地獄級"
"Flame of Hatred","憎悪の炎","憎悪の炎"
"Heavenly Mystics - Mythical","天妖仙 超地獄級","天妖仙超地獄級"
"Medjedra Descended!","メジェドラ 降臨！","ﾒｼﾞｴﾄﾞﾗ降臨"
"Ultimate Arena 2","極限の闘技場 2 ( ノーコン )","極限の闘技場2[ﾉ-ｺﾝ]"
"Five Dragon Rumble - Legend","五龍鳴動 地獄級","五龍鳴動地獄級"
"Absolute Zero - Master","絶対零度 超級","絶対零度超級"
"Star of Justice - Legend","正義の星 地獄級","正義の星地獄級"
"Blue Backwater - Master","蒼の僻地 超級","蒼の僻地超級"
"Ancient Fire & Lake Dragons","火と湖の古代龍","火と湖の古代龍"
"Costume Party - Int","仮装祭 中級","仮装祭中級"
"Absolute Dragon Realm - Mythical Plus","絶龍界 超絶地獄級","絶龍界超絶地獄級"
"Tabby Dragon - Mythical","虎猫龍 超地獄級","虎猫龍超地獄級"
"Isle of the Underworld","冥き孤島","冥き孤島"
"Golden Grotto","金の海窟","金の海窟"
"Wailing Wind - Legend","唸る旋風 地獄級","唸る旋風地獄級"
"Smithing God - Legend","鍛煉神 地獄級","鍛煉神地獄級"
"Garden of the Princess - Int","姫の庭園 中級","姫の庭園中級"
"Cage of the Beast","魔獣の檻","魔獣の檻"
"Tiny Island - Int","タイニー島 中級","ﾀｲﾆ-島中級"
"Beef Bowl Dragon - Int","牛飯龍 中級","牛飯龍中級"
"Twin Beasts of Fire and Wood 2","炎樹の双獣 2","炎樹の双獣2"
"Earth God - Legend","大地神 地獄級","大地神地獄級"
"Flame of Conviction","断罪の焔","断罪の焔"
"Punisher from Hell","奈落の処刑龍","奈落の処刑龍"
"Taiko no Tatsujin Collab","太鼓の達人 コラボ","太鼓の達人ｺﾗﾎﾞ"
"Mantis Dragon - Mythical","鎌蟲龍 超地獄級","鎌蟲龍超地獄級"
"The Coaxing Snake","蛇の甘言","蛇の甘言"
"5 Dragons Activate - Int","五龍起動 中級","五龍起動中級"
"Moonlight Dragon","月光の暗殺龍","月光の暗殺龍"
"Oni Enraged - Mythical","一鬼火勢 超地獄級","-鬼火勢超地獄級"
"Gotham - Mythical","ゴッサム 超地獄級","ｺﾞﾂｻﾑ超地獄級"
"Dark Night Sword","アンケートダンジョン","ｱﾝｹ-ﾄﾀﾞﾝｼﾞﾖﾝ"
"Lightless - Novice","光無し 初級","光無し初級"
"春節之祠","金玉滿堂","金玉滿堂"
"King of Dragons 2","神を冠する龍 2","神を冠する龍2"
"Topaz Maze","黄玉の迷宮","黄玉の迷宮"
"Sea Cave Mercury","メルクリア海底洞窟","ﾒﾙｸﾘｱ海底洞窟"
"Black Bowl Dragon","黒の丼龍 ( 木光闇３色限定 )","黒の丼龍[木光闇3色限定]"
"The Saint's Dragon","聖者の守護龍","聖者の守護龍"
"Dark Faerie - Novice","闇妖精 初級","闇妖精初級"
"The Tower of Trials","試練の塔","試練の塔"
"Zeus & Hera Descended! - Fire Enhanced","ゼウス＆ヘラ 降臨！ 火属性強化","ｾﾞｳｽ&ﾍﾗ降臨火属性強化"
"Blue Backwater - Legend","蒼の僻地 地獄級","蒼の僻地地獄級"
"Four-Leaf Blessing","N/A","N/A"
"Leonine King - Mythical","獅王獣 超地獄級","獅王獣超地獄級"
"Extreme Dragon Rush!","超絶ドラゴンラッシュ！","超絶ﾄﾞﾗｺﾞﾝﾗﾂｼﾕ"
"Star of Justice - Master","正義の星 超級","正義の星超級"
"Fried Cutlet Dragon - Int","揚勝龍 中級","揚勝龍中級"
"Imminent Fang","忍び寄る顎門","忍び寄る顎門"
"Abandoned City 2","棄てられた都市 2","棄てられた都市2"
"Barrage - Int","弾幕の雨 中級","弾幕の雨中級"
"Gotham - Legend","ゴッサム 地獄級","ｺﾞﾂｻﾑ地獄級"
"Satan Descended!","サタン降臨！ ( 回復なし )","ｻﾀﾝ降臨[回復なし]"
"Forest Cat Dragon - Int","森猫龍 中級","森猫龍中級"
"Tracker of the Wind - Novice","風の追跡者 初級","風の追跡者初級"
"Dungeon of Emerald Dragons","エメドラダンジョン","ｴﾒﾄﾞﾗﾀﾞﾝｼﾞﾖﾝ"
"God of Judgement","業断神","業断神"
"Netherworld - Int","無の狭間 中級","無の狭間中級"
"Star of Justice - Expert","正義の星 上級","正義の星上級"
"SB - Int","希望の炎 中級","希望の炎中級"
"Lv1 - Water / Light / Dark","Lv1 水光闇","LV1水光闇"
"Iron Strength Plaza - Expert","鉄腕広場 上級","鉄腕広場上級"
"Xuanzang's Party","三蔵一行","三蔵-行"
"Faithless Temple with No Name","名も信仰も無き神殿","名も信仰も無き神殿"
"Wise White Dragon","白き賢龍","白き賢龍"
"Frozen Soil of Prosell","プローセル凍土","ﾌﾟﾛ-ｾﾙ凍土"
"Athena Descended! - God Enchanced","アテナ 降臨！ 神強化","ｱﾃﾅ降臨神強化"
"Noah Tournament - No Dupes","ノア杯β 同キャラ禁止","ﾉｱ杯Β同ｷﾔﾗ禁止"
"Zeus Mercury Descended!","海澪神","海澪神"
"Water Labyrinth - Int","水の迷路 中級","水の迷路中級"
"Tengu!!! - Balanced Enchanced","大天狗 降臨！ バランス強化","大天狗降臨ﾊﾞﾗﾝｽ強化"
"Hera Challenge!","ヘラチャレンジ！ ( ノーコン )","ﾍﾗﾁﾔﾚﾝｼﾞ[ﾉ-ｺﾝ]"
"Frost Woods 2","樹氷の森 2","樹氷の森2"
"Dragon of the Abyss","深淵の魔龍","深淵の魔龍"
"Dragon Guardian","アンケートダンジョン3","ｱﾝｹ-ﾄﾀﾞﾝｼﾞﾖﾝ3"
"Scarlet Snake Princess","アンケートダンジョン4","ｱﾝｹ-ﾄﾀﾞﾝｼﾞﾖﾝ4"
"Blade of Justice","アンケートダンジョン2","ｱﾝｹ-ﾄﾀﾞﾝｼﾞﾖﾝ2"
"Watery Temptress","アンケートダンジョン7","ｱﾝｹ-ﾄﾀﾞﾝｼﾞﾖﾝﾌ"
"Gleaming Dragon","アンケートダンジョン8","ｱﾝｹ-ﾄﾀﾞﾝｼﾞﾖﾝ8"
"Sword of Flames","アンケートダンジョン5","ｱﾝｹ-ﾄﾀﾞﾝｼﾞﾖﾝ5"
"Dragon in Motley","アンケートダンジョン6","ｱﾝｹ-ﾄﾀﾞﾝｼﾞﾖﾝ6"
"Shadow Sprite","アンケートダンジョン9","ｱﾝｹ-ﾄﾀﾞﾝｼﾞﾖﾝ9"
"Water Flower Beasts","水花の双獣","水花の双獣"
"Kamameshi Dragon - Expert","釜飯龍 上級","釜飯龍上級"
"Jewels of Three Colors","赤く青い緑の宝珠","赤く青い緑の宝珠"
"Hall of the Divine King - Legend","神王殿 地獄級","神王殿地獄級"
"Alt. Vesta Cave","裏・ヴェスティーア大空洞 ( 全属性必須 )","裏ｳﾞｴｽﾃｲ-ｱ大空洞[全属性必須]"
"サーティワン コラボ","ダブル","ﾀﾞﾌﾞﾙ"
"Angels Invade - Mythical","使徒襲来 超地獄級","使徒襲来超地獄級"
"Santa Claus Descended!","サンタクロース 降臨！","ｻﾝﾀｸﾛ-ｽ降臨"
"Red Cove - Int","紅の海窟 中級","紅の海窟中級"
"Alt. Hyperion Lava Flow","裏・ヒュペリオ溶岩河 ( 同キャラ禁止 )","裏ﾋﾕﾍﾟﾘｵ溶岩河[同ｷﾔﾗ禁止]"
"Golden Altar 2","黄玉の祭壇 2","黄玉の祭壇2"
"Heaven's Servant","天からの使い","天からの使い"
"Famitsu App Collab","ネッキーとの一会","ﾈﾂｷ-との-会"
"Noah Descended! - Attacker Enchanced","ノア 降臨！ 攻撃強化","ﾉｱ降臨攻撃強化"
"Tracker of the Wind - Master","風の追跡者 超級","風の追跡者超級"
"Bishamon Warlord","毘沙門龍","毘沙門龍"
"Divine Realm - Mythical Plus","神世界 超絶地獄級","神世界超絶地獄級"
"Jester Dragon - Int","道化龍 中級","道化龍中級"
"PAD Battle Tournament Collab","パズバト コラボ","ﾊﾟｽﾞﾊﾞﾄｺﾗﾎﾞ"
"Dragon Guardian - Novice","龍の守護者 初級","龍の守護者初級"
"Lv3 - Water / Wood / Light","Lv3 水木光","LV3水木光"
"Ice-Breaking Hooves - Legend","氷砕の蹄 地獄級","氷砕の蹄地獄級"
"Lv1 - Fire / Water / Light","Lv1 火水光","LV1火水光"
"Noah Descended!","ノア 降臨！","ﾉｱ降臨"
"Alt. Tower of Nature","裏・森羅の塔 ( 同キャラ禁止 )","裏森羅の塔[同ｷﾔﾗ禁止]"
"Invitation to the Abyss 2","深海へ誘うもの 2","深海へ誘うもの2"
"Hera Descended","ヘラ 降臨！","ﾍﾗ降臨"
"Starry View Lane","輝望の道","輝望の道"
"Volsung Descended! - Special","ヴォルスーン 降臨！ 特殊","ｳﾞｵﾙｽ-ﾝ降臨特殊"
"Five Dragon Rumble - Expert","五龍鳴動 上級","五龍鳴動上級"
"Burning Ninja Dog Dragon - Legend","燃忍犬龍 地獄級","燃忍犬龍地獄級"
"Sapphire Cave","蒼玉の洞穴","蒼玉の洞穴"
"Eternal Dragon - Mythical","継界龍 超地獄級","継界龍超地獄級"
"Fairies' Paradise","楽園の妖精","楽園の妖精"
"Black Cove - Legend","黒の海窟 地獄級","黒の海窟地獄級"
"Century's End - Conquerer","世紀末 覇王","世紀末覇王"
"Dark Green Desert Isle","碧の孤島","碧の孤島"
"Guards of the Light 2","光の守護騎兵 2","光の守護騎兵2"
"TAN Infestation!","継承の秘密","継承の秘密"
"Kamameshi Dragon - Master","釜飯龍 超級","釜飯龍超級"
"Forest Labyrinth - Int","迷宮の森 中級","迷宮の森中級"
"Hero Descended!","勇者 降臨！","勇者降臨"
"Red Road and Red Serpent","紅き道と紅き蛇","紅き道と紅き蛇"
"Fire-Laden Warrior","火を纏う戦士","火を纏う戦士"
"Claw of Judgment","裁きの爪痕","裁きの爪痕"
"Fist of the North Star Collab","北斗の拳 コラボ","北斗の拳ｺﾗﾎﾞ"
"Sphinx Descended!","スフィンクス 降臨！","ｽﾌｲﾝｸｽ降臨"
"Absolute Dragon Realm - Annihilation","絶龍界 壊滅級","絶龍界壊滅級"
"Sky Prison - Mythical","天獄塔 超地獄級","天獄塔超地獄級"
"Mythical Endless Corridors","超絶・無限回廊","超絶無限回廊"
"True Endless Corridors - Awoken Skills Invalid","真・無限回廊 覚醒スキル無効","真無限回廊覚醒ｽｷﾙ無効"
"Devils' Domain - Mythical Plus","天魔界 超絶地獄級","天魔界超絶地獄級"
"Hedonistic Demon - Mythical","遊楽魔 超地獄級","遊楽魔超地獄級"
"Gaia Dragon Descended!","ガイア＝ドラゴン降臨！","ｶﾞｲｱ=ﾄﾞﾗｺﾞﾝ降臨"
"Black Pirate Dragon","黒の海賊龍","黒の海賊龍"
"Dungeon of Gold Dragons","ゴルドラダンジョン","ｺﾞﾙﾄﾞﾗﾀﾞﾝｼﾞﾖﾝ"
"Blue Cat Dragon - Legend","藍猫龍 地獄級","藍猫龍地獄級"
"Red Backwater - Legend","紅の僻地 地獄級","紅の僻地地獄級"
"Wood & Thunder Armored Dragons","木と雷の機甲龍","木と雷の機甲龍"
"Ground of Malice","悪意の集う地","悪意の集う地"
"The Price of a Smile 2","微笑みの代償 2","微笑みの代償2"
"Bloody Scales Over Soft Skin 2","柔肌と血染めの鱗 2","柔肌と血染めの鱗2"
"Bearded & Fanged Mechanical Dragons - Expert","髭牙機龍 上級","髭牙機龍上級"
"Light Labyrinth - Int","光の迷路 中級","光の迷路中級"
"Five Dragon Rumble - Master","五龍鳴動 超級","五龍鳴動超級"
"Ocean God - Awoken Skills Invalid","大海神 覚醒スキル無効","大海神覚醒ｽｷﾙ無効"
"Ruby Defenders","紅玉の守り手","紅玉の守り手"
"Lv3 - Wood Enhanced","Lv3 木属性強化","LV3木属性強化"
"Zeus Vulcan Descended! - Fire Enhanced","ゼウス・ヴァルカン 降臨！ 火属性強化","ｾﾞｳｽｳﾞｱﾙｶﾝ降臨火属性強化"
"Grand Dragon Cat - Int","八猫龍 中級","八猫龍中級"
"Twin Jewels of Fire and Wood","火と木の双玉","火と木の双玉"
"Door to Heaven 2","神界への扉 2","神界への扉2"
"Oni Enraged - Legend","一鬼火勢 地獄級","-鬼火勢地獄級"
"Blackgate Prison - Legend","闇夜の檻 地獄級","闇夜の檻地獄級"
"Jord Descended!","ヨルズ 降臨！","ﾖﾙｽﾞ降臨"
"Earth-Rending Emperor","破龍の皇帝","破龍の皇帝"
"Room of Sunlight 2","陽光の間 2","陽光の間2"
"World Serpent - Mythical","世界蛇 超地獄級","世界蛇超地獄級"
"Challenge Dungeons! 1","Lv5","LV5"
"Frozen Castle","氷ついた城","氷ついた城"
"Challenge Dungeons! 1","Lv4","LV4"
"Challenge Dungeons! 1","Lv7","LVﾌ"
"Absolute Zero","絶対零度","絶対零度"
"Dance of Flame and Light","炎と光の舞","炎と光の舞"
"Challenge Dungeons! 23","Lv6","LV6"
"Challenge Dungeons! 1","Lv9","LV9"
"Cocoon Insect Dragon - Expert","蛹蟲龍 上級","蛹蟲龍上級"
"Ancient Ocean","古の秘海","古の秘海"
"Lv5 - Dark Enhanced","Lv5 闇属性強化","LV5闇属性強化"
"魚双星龍 - Mythical","魚双星龍 超地獄級","魚双星龍超地獄級"
"Gunma - Paradise","ぐんまけん 極楽","ぐんまけん極楽"
"Descended Carnival 1","降臨カーニバル1","降臨ｶ-ﾆﾊﾞﾙ1"
"Red Skies - Expert","緋天の空 上級","緋天の空上級"
"Roar of the Thunder Beast","雷獣の咆哮","雷獣の咆哮"
"Cocoon Insect Dragon - Master","蛹蟲龍 超級","蛹蟲龍超級"
"Piggy Island 2 - Extra-Spicy","ピギー島２ 激辛","ﾋﾟｷﾞ-島2激辛"
"Water Insect Dragon","水の蟲龍","水の蟲龍"
"Tabby Dragon - Int","虎猫龍 中級","虎猫龍中級"
"Red Skies - Master","緋天の空 超級","緋天の空超級"
"Green Skies - Int","深緑の空 中級","深緑の空中級"
"Hell Demon - Legend Plus","灼冥魔 絶地獄級","灼冥魔絶地獄級"
"PreDRA Infestation!","ぷれドラ大量発生！","ぷれﾄﾞﾗ大量発生"
"Kronos Forest","クローノス大密林","ｸﾛ-ﾉｽ大密林"
"Fire Forest Nerva","ネルヴァ灼熱林","ﾈﾙｳﾞｱ灼熱林"
"Izanami Descended! - Physical Enchanced","イザナミ 降臨！ 体力強化","ｲｻﾞﾅﾐ降臨体力強化"
"Bikkuriman Collab","ビックリマン コラボ","ﾋﾞﾂｸﾘﾏﾝｺﾗﾎﾞ"
"Bottomless Void 2","底なしの大穴 2","底なしの大穴2"
"Oni Enraged - Expert","一鬼火勢 上級","-鬼火勢上級"
"Chaotic Darkness - Master","混沌の闇 超級","混沌の闇超級"
"Soul Society - Mythical","尸魂界 超地獄級","尸魂界超地獄級"
"Catch the Dragon Plants!","ドラプラを追え！","ﾄﾞﾗﾌﾟﾗを追え"
"Tower Entrance","塔の入り口","塔の入り口"
"Abyss","奈落の底","奈落の底"
"Goddess of Harvest 2","豊饒の神 2","豊饒の神2"
"Challenge Descended! 8","降臨チャレンジ！8 ( ノーコン )","降臨ﾁﾔﾚﾝｼﾞ8[ﾉ-ｺﾝ]"
"Zouni Dragon - Legend","雑煮龍 地獄級","雑煮龍地獄級"
"The Lady General - Master","義将姫 超級","義将姫超級"
"Tabby Dragon - Expert","虎猫龍 上級","虎猫龍上級"
"The Price of a Smile","微笑みの代償","微笑みの代償"
"Orange Backwater - Legend","橙の僻地 地獄級","橙の僻地地獄級"
"Legendary Hills","伝説の丘陵","伝説の丘陵"
"Eyes Burning with Anger","怒りに燃える瞳","怒りに燃える瞳"
"Sword Combat - No Wd / Dk - Legend","武刀神 木闇なし 地獄級","武刀神木闇なし地獄級"
"Blue Cat Dragon - Int","藍猫龍 中級","藍猫龍中級"
"Water & Dark Paired Dragons - Master","水闇対龍 超級","水闇対龍超級"
"Center of the Earth","大地の中心","大地の中心"
"Titan Ambush - Legend","巨人奇襲 地獄級","巨人奇襲地獄級"
"Pursuer of Light - Int","光の追跡者 中級","光の追跡者中級"
"Deity of Merit - Legend","功徳神 地獄級","功徳神地獄級"
"Zhou Yu!!","周瑜 参上！ ( 全属性必須 )","周瑜参上[全属性必須]"
"Gate to Hell","冥府の門","冥府の門"
"Room of the Mask - Expert","仮面の間 上級","仮面の間上級"
"Ocean God - Legend","大海神 地獄級","大海神地獄級"
"Alt. Shrine of Green Water","裏・樹水の祠 ( 同キャラ禁止 )","裏樹水の祠[同ｷﾔﾗ禁止]"
"Glacial Frost Dragon","氷山の霜龍","氷山の霜龍"
"Guardian of Skies and Seas 2","空と海の守護者 2","空と海の守護者2"
"Yomi Goddess - Mythical","黄泉神 超地獄級","黄泉神超地獄級"
"Neptune Glacier","ネプトゥ氷河","ﾈﾌﾟﾄｳ氷河"
"Iron Dragon of the Dawn","早天の剛龍","早天の剛龍"
"PAD Academy","私立パズドラ学園","私立ﾊﾟｽﾞﾄﾞﾗ学園"
"Gunma - Master","ぐんまけん 超級","ぐんまけん超級"
"Lv9 - No Dupes","Lv9 同キャラ禁止","LV9同ｷﾔﾗ禁止"
"Sky Dragon of Water","水の天空龍 ( 回復なし )","水の天空龍[回復なし]"
"Dragon Knight? - Legend","龍騎士？ 地獄級","龍騎士?地獄級"
"Deus ex Machina Descended! - Light Enhanced","デウス＝エクス＝マキナ 降 光属性強化","ﾃﾞｳｽ=ｴｸｽ=ﾏｷﾅ降光属性強化"
"Revenge of the Emerald Dragons","エメドラの逆襲！","ｴﾒﾄﾞﾗの逆襲"
"Under the Cemetery","巨大墓地の地下","巨大墓地の地下"
"Mountain Ascetic - Legend","修験者 地獄級","修験者地獄級"
"Green Bowl Dragon","緑の丼龍 ( 火木闇３色限定 )","緑の丼龍[火木闇3色限定]"
"Chaotic Darkness - Expert","混沌の闇 上級","混沌の闇上級"
"Sapphire Altar 2","蒼玉の祭壇 2","蒼玉の祭壇2"
"Meditating Music God - No Dupes","瞑奏神 同キャラ禁止","瞑奏神同ｷﾔﾗ禁止"
"Ancient Guardian 2","太古の守護龍 2","太古の守護龍2"
"ナメック星 - Kai","ナメック星 改級","ﾅﾒﾂｸ星改級"
"Tabby Dragon - Legend","虎猫龍 地獄級","虎猫龍地獄級"
"Scarlet Snake Princess - Expert","紅の蛇姫 上級","紅の蛇姫上級"
"Zaerog∞ Descended","ゼローグ∞ 降臨！ ( 特殊 )","ｾﾞﾛ-ｸﾞ∞降臨[特殊]"
"Arboreal Queen - Legend","創樹妃 地獄級","創樹妃地獄級"
"Gods of Starry Wisdom - Legend Plus","星知神 絶地獄級","星知神絶地獄級"
"Angels Invade - Legend","使徒襲来 地獄級","使徒襲来地獄級"
"Epic Battles - Int","勝利の礎 中級","勝利の礎中級"
"Princess of Darkness - Mythical","黒冥姫 超地獄級","黒冥姫超地獄級"
"Honey Insect Dragon - Legend","蜜蟲龍 地獄級","蜜蟲龍地獄級"
"Epic Battles - Legend","勝利の礎 地獄級","勝利の礎地獄級"
"Fire Insect Dragon","炎の蟲龍","炎の蟲龍"
"Fertile Land","豊穣の大地","豊穣の大地"
"Dragon Puppets","傀儡の龍","傀儡の龍"
"Divine Realm - Legend Plus","神世界 絶地獄級","神世界絶地獄級"
"Path to the Tower","塔へと続く道","塔へと続く道"
"Satan Descended! - No RCV","サタン降臨！ 回復なし","ｻﾀﾝ降臨回復なし"
"Door of Flame","火炎の扉","火炎の扉"
"The Heroes' Hideout","勇者のアジト","勇者のｱｼﾞﾄ"
"Vacation - Super Sunny","バカンス 超快晴","ﾊﾞｶﾝｽ超快晴"
"Queen's Banquet","妃の宴","妃の宴"
"Knights of the Polar Night 2","極夜の騎士 2","極夜の騎士2"
"Tower to the Sky","天へと続く塔","天へと続く塔"
"Luxurious Concealed Dog Dragon - Mythical","茂隠犬龍 超地獄級","茂隠犬龍超地獄級"
"The One and Only Kupo!","一度きりだクポ！","-度きりだｸﾎﾟ"
"Demonic Fire Queen - Legend","魔炎妃 地獄級","魔炎妃地獄級"
"Tomb of the Saint","聖者の墓","聖者の墓"
"Red Backwater - Master","紅の僻地 超級","紅の僻地超級"
"Gift of a Lifetime","一度きりの贈り物","-度きりの贈り物"
"魔人復活 - Master","魔人復活 超級","魔人復活超級"
"Wood & Thunder Paired Dragons - Int","木雷対龍 中級","木雷対龍中級"
"Netherworld - Legend","無の狭間 地獄級","無の狭間地獄級"
"Tuesday Dungeon","火曜ダンジョン","火曜ﾀﾞﾝｼﾞﾖﾝ"
"Kanetsugu! - Dragon Enchanced","カネツグ 降臨！ ドラゴン強化","ｶﾈﾂｸﾞ降臨ﾄﾞﾗｺﾞﾝ強化"
"Lightning Fist God - Mythical","雷拳神 超地獄級","雷拳神超地獄級"
"千刃の森 - Master","千刃の森 超級","千刃の森超級"
"Soul Reaper - No RCV","求魂師 回復なし","求魂師回復なし"
"Red Backwater - Expert","紅の僻地 上級","紅の僻地上級"
"Super Emerald Dragons Descended","超エメドラ 降臨！","超ｴﾒﾄﾞﾗ降臨"
"酒妖鬼 - Mythical","酒妖鬼 超地獄級","酒妖鬼超地獄級"
"Alt. Shrine of Liquid Flame","裏・水火の祠 ( 同キャラ禁止 )","裏水火の祠[同ｷﾔﾗ禁止]"
"BLEACH Collab","BLEACH コラボ","BLEACHｺﾗﾎﾞ"
"Purple Flower Dragon","紫の華龍","紫の華龍"
"Hopping Insect Dragon - Master","跳蟲龍 超級","跳蟲龍超級"
"Black Skydragon - Z","黒き天空龍 Z 級","黒き天空龍Z級"
"Black Cove - Master","黒の海窟 超級","黒の海窟超級"
"魔人復活 - Expert","魔人復活 上級","魔人復活上級"
"White Snake Road","白蛇の道","白蛇の道"
"Mechanical Queen - Annihilation","機王妃 壊滅級","機王妃壊滅級"
"Wadatsumi Descended!","ワダツミ降臨！ ( 覚醒スキル無効 )","ﾜﾀﾞﾂﾐ降臨[覚醒ｽｷﾙ無効]"
"Guardian of the Doorway 2","扉の守護獣 2","扉の守護獣2"
"Ancient Guardian","太古の守護龍","太古の守護龍"
"Water & Dark Paired Dragons - Expert","水闇対龍 上級","水闇対龍上級"
"Shinrabansho Choco Collab 2","神羅万象チョコ コラボ2","神羅万象ﾁﾖｺｺﾗﾎﾞ2"
"King of Dragons","神を冠する龍","神を冠する龍"
"Lv1 - Water / Wood / Dark","Lv1 水木闇","LV1水木闇"
"Hopping Insect Dragon - Expert","跳蟲龍 上級","跳蟲龍上級"
"Oni Enraged - Master","一鬼火勢 超級","-鬼火勢超級"
"Zeus Descended!","ゼウス 降臨！","ｾﾞｳｽ降臨"
"Hunt Emerald Dragons!","エメドラを追え！","ｴﾒﾄﾞﾗを追え"
"Tiny Island - Heaven Sent","タイニー島 天国","ﾀｲﾆ-島天国"
"Sea-God of Heaven","天海神","天海神"
"Tracker of the Wind - Int","風の追跡者 中級","風の追跡者中級"
"Purple Stone Steel Dragon","紫石の鋼龍","紫石の鋼龍"
"龍爪の轍 - Int","龍爪の轍 中級","龍爪の轍中級"
"Chivalrous Thief","大義賊","大義賊"
"Vacation - Expert","バカンス 上級","ﾊﾞｶﾝｽ上級"
"Armored Mechanical Dragons - Int","甲骸機龍 中級","甲骸機龍中級"
"Supreme Jewel - Master","至高の宝玉 超級","至高の宝玉超級"
"PAD Island","パズドラアイランド","ﾊﾟｽﾞﾄﾞﾗｱｲﾗﾝﾄﾞ"
"Entrance Ceremony - Mythical","入学式 超地獄級","入学式超地獄級"
"Black Cove - Expert","黒の海窟 上級","黒の海窟上級"
"Purple Backwater - Master","紫の僻地 超級","紫の僻地超級"
"Supreme Jewel - Expert","至高の宝玉 上級","至高の宝玉上級"
"Honey Insect Dragon - Int","蜜蟲龍 中級","蜜蟲龍中級"
"BEAMS Collab 2","BEAMS コラボ2","BEAMSｺﾗﾎﾞ2"
"Titan Ambush - Int","巨人奇襲 中級","巨人奇襲中級"
"Music Dragon - Master","音楽龍 超級","音楽龍超級"
"Castle Gate 2","城門 2","城門2"
"Athena Descended!","煌女神","煌女神"
"Tower of Giants","巨人の塔","巨人の塔"
"Pirate Dragon's Hidden Grotto","海賊龍の潜窟","海賊龍の潜窟"
"Path to the Peak","山頂へと続く道","山頂へと続く道"
"Soul Society - Legend","尸魂界 地獄級","尸魂界地獄級"
"New Journey","新たなる旅路","新たなる旅路"
"Diva in the Ice Prison","冷獄の歌い手","冷獄の歌い手"
"Izanami Descended!","イザナミ 降臨！","ｲｻﾞﾅﾐ降臨"
"Hatsumode - Super New Year's Greetings","初参り 超迎春","初参り超迎春"
"Burning Ninja Dog Dragon - Mythical","燃忍犬龍 超地獄級","燃忍犬龍超地獄級"
"Green Backwater - Int","翠の僻地 中級","翠の僻地中級"
"Evo Materials Unite!","進化統一？","進化統-?"
"Twin Jewels of Water and Wood 2","木と水の双玉 2","木と水の双玉2"
"Lord of Hell - No RCV","大魔王 回復なし","大魔王回復なし"
"Purple Backwater - Expert","紫の僻地 上級","紫の僻地上級"
"The King's Protectors","王を守る者","王を守る者"
"Aegir Descended","迎海神","迎海神"
"千刃の森 - Expert","千刃の森 上級","千刃の森上級"
"Mei Zhou Lang - Legend","美周郎 地獄級","美周郎地獄級"
"The Fairy's Invitation","妖花の誘い","妖花の誘い"
"聖魔大戦 - Expert","聖魔大戦 上級","聖魔大戦上級"
"Machine Hera Descended!","マシンヘラ降臨！","ﾏｼﾝﾍﾗ降臨"
"One-Shot Challenge! 2","一度きりチャレンジ！2 ( ノーコン )","-度きりﾁﾔﾚﾝｼﾞ2[ﾉ-ｺﾝ]"
"Deus ex Machina Descended!","機操神","機操神"
"Dragon Queen of the Wind - Legend Plus","風龍王 絶地獄級","風龍王絶地獄級"
"Flowers Falling in the Wild Wind","乱れ舞う花吹雪","乱れ舞う花吹雪"
"火と闇の鉄星龍","火と闇の鉄星龍 ( 火属性強化 )","火と闇の鉄星龍[火属性強化]"
"Ice Aurora Dragon","氷河の極光龍","氷河の極光龍"
"Zeus Mercury Descended! - Machine Enchanced","ゼウス・マーキュリー 降臨 マシン強化","ｾﾞｳｽﾏ-ｷﾕﾘ-降臨ﾏｼﾝ強化"
"Great Mountains of Olympus 2","円状の大山脈 2","円状の大山脈2"
"Blazing Hell","灼熱地獄","灼熱地獄"
"Phantom Dragon King - Legend Plus","幻龍王 絶地獄級","幻龍王絶地獄級"
"聖魔大戦 - Master","聖魔大戦 超級","聖魔大戦超級"
"Queen of the Gods","神王の妃","神王の妃"
"Hel Descended!","黒冥姫","黒冥姫"
"Wailing Wind - Int","唸る旋風 中級","唸る旋風中級"
"Challenge Dungeons! 1","Lv10","LV10"
"Demonic Fire Queen - Mythical","魔炎妃 超地獄級","魔炎妃超地獄級"
"Green Grotto","碧の海窟","碧の海窟"
"Wings of Sunlight - Int","日輪の翼 中級","日輪の翼中級"
"Shrine of Liquid Flame","水火の祠","水火の祠"
"Great Mountain Caves 2","山穿つ大洞窟 2","山穿つ大洞窟2"
"Temptation of the Water Fairies 2","水精の誘い 2","水精の誘い2"
"Room of Prayers","祈りの間","祈りの間"
"Zouni Dragon - Master","雑煮龍 超級","雑煮龍超級"
"Medjedra Descended! - Water Enhanced","メジェドラ 降臨！ 水属性強化","ﾒｼﾞｴﾄﾞﾗ降臨水属性強化"
"Wood Labyrinth - Expert","木の迷路 上級","木の迷路上級"
"Chop Suey Dragon - Legend","八宝龍 地獄級","八宝龍地獄級"
"蝎双星龍 - Expert","蝎双星龍 上級","蝎双星龍上級"
"Jewels of Three Colors 2","赤く青い緑の宝珠 2","赤く青い緑の宝珠2"
"Heimdallr Descended! - Balanced Enchanced","ヘイムダル 降臨！ バランス強化","ﾍｲﾑﾀﾞﾙ降臨ﾊﾞﾗﾝｽ強化"
"Dawn in the Sky - Int","暁光の空 中級","暁光の空中級"
"Alt. Hypno Forest","裏・ヒュプノ原生林","裏ﾋﾕﾌﾟﾉ原生林"
"Wind Fairies 2","風の妖精 2","風の妖精2"
"Athena Tournament","アテナ杯","ｱﾃﾅ杯"
"Shining Death Queen","耀冥妃","耀冥妃"
"Twelve Temples - Int","十二宮 中級","十二宮中級"
"Grand Dragon Cat - Mythical","八猫龍 超地獄級","八猫龍超地獄級"
"Twin Beasts of Fire and Wood","炎樹の双獣","炎樹の双獣"
"Zeus-Dios Descended!","ゼウス・ディオス 降臨！","ｾﾞｳｽﾃﾞｲｵｽ降臨"
"Volsung Descended!","ヴォルスーン 降臨！ ( 特殊 )","ｳﾞｵﾙｽ-ﾝ降臨[特殊]"
"蝎双星龍 - Master","蝎双星龍 超級","蝎双星龍超級"
"Lv6 - All Att Needed","Lv6 全属性必須","LV6全属性必須"
"Flame of Conviction - Legend","断罪の焔 地獄級","断罪の焔地獄級"
"Gunma - Expert","ぐんまけん 上級","ぐんまけん上級"
"Sky-Scraping Iceberg 2","雲穿つ氷山 2","雲穿つ氷山2"
"Shielded Mechanical Dragons - Expert","覆殻機龍 上級","覆殻機龍上級"
"Tempting Purple Crystal of Death","死を誘う紫水晶","死を誘う紫水晶"
"Fire & Light Paired Dragons - Mythical","火光対龍 超地獄級","火光対龍超地獄級"
"Dark-Breaking Wings","闇払う翼龍","闇払う翼龍"
"Sandalphon Descended!","サンダルフォン 降臨！ ( 同キャラ禁止 )","ｻﾝﾀﾞﾙﾌｵﾝ降臨[同ｷﾔﾗ禁止]"
"Moonlight Temple","月光の神殿","月光の神殿"
"Lv1 - No Dupes","Lv1 同キャラ禁止","LV1同ｷﾔﾗ禁止"
"Dragon of Trailokya","三界の龍","三界の龍"
"Beautiful Being 2","美しきもの 2","美しきもの2"
"Heimdallr Descended!","白番神","白番神"
"Red Strong Warrior","赤の強者","赤の強者"
"Hera-Is Descended!","ヘラ・イース降臨！","ﾍﾗｲ-ｽ降臨"
"Tricolor Dungeon - Master","3色限定 超級","3色限定超級"
"Shinra Bansho Collab","神羅万象チョコ コラボ","神羅万象ﾁﾖｺｺﾗﾎﾞ"
"Ancient Holy Hour","古の聖刻","古の聖刻"
"Twin Beasts of Fire and Water 2","氷炎の双獣 2","氷炎の双獣2"
"ナメック星 - Novice","ナメック星 初級","ﾅﾒﾂｸ星初級"
"Challenge Descended! 3","降臨チャレンジ！3 ( ノーコン )","降臨ﾁﾔﾚﾝｼﾞ3[ﾉ-ｺﾝ]"
"Ancient Lightning & Ocean Dragons","雷と海の古代龍","雷と海の古代龍"
"Hollow Crystals - No Dark","虚の水晶 闇なし","虚の水晶闇なし"
"Zhou Yu!!","周瑜 参上！","周瑜参上"
"Demeter Forest","ディメテル樹林","ﾃﾞｲﾒﾃﾙ樹林"
"東ゴルトー - Int","東ゴルトー 中級","東ｺﾞﾙﾄ-中級"
"Shielded Mechanical Dragons - Master","覆殻機龍 超級","覆殻機龍超級"
"Trial Commencement","試練の始まり","試練の始まり"
"Dark Knight - Legend","暗黒騎士 地獄級","暗黒騎士地獄級"
"Arise Vulcan Dragon","火山龍現る","火山龍現る"
"Vacation - Master","バカンス 超級","ﾊﾞｶﾝｽ超級"
"Fire Toydragon of the Shrine 2","祠の玩炎龍 2","祠の玩炎龍2"
"Red Bowl Dragon","赤の丼龍 ( 火水光３色限定 )","赤の丼龍[火水光3色限定]"
"Tricolor Dungeon - Expert","3色限定 上級","3色限定上級"
"Barrage","弾幕の雨","弾幕の雨"
"DC Universe Collab","DCコミックス コラボ","DCｺﾐﾂｸｽｺﾗﾎﾞ"
"Diagoldos Descended!","ディアゴルドス 降臨！","ﾃﾞｲｱｺﾞﾙﾄﾞｽ降臨"
"Hellfire - Int","地獄の業火 中級","地獄の業火中級"
"King of Darkness 2","暗闇の王 2","暗闇の王2"
"Great Mountains of Olympus","円状の大山脈","円状の大山脈"
"Succubus's Whisper","夢魔のささやき","夢魔のささやき"
"Dark Forbidden Area - Int","禁域の闇 中級","禁域の闇中級"
"Deep Blue Desert Isle","蒼き孤島","蒼き孤島"
"Dragon Guardian - Expert","龍の守護者 上級","龍の守護者上級"
"Blue Cove - Int","蒼の海窟 中級","蒼の海窟中級"
"Two Heroes","二人の勇者","二人の勇者"
"Colossal Dragon Cat - Int","重猫龍 中級","重猫龍中級"
"Ocean God - Awoken Skills Invalid - Mythical","大海神 覚醒無効 超地獄級","大海神覚醒無効超地獄級"
"Alt. Tomb of the Saint-Deep","裏・聖者の墓-深層- ( 同キャラ禁止 )","裏聖者の墓-深層-[同ｷﾔﾗ禁止]"
"Door to Trailokya","三界の扉","三界の扉"
"Soul Society - Expert","尸魂界 上級","尸魂界上級"
"Isolated Ruin of the Sky 2","孤高の廃城 2","孤高の廃城2"
"Barrage - Expert","弾幕の雨 上級","弾幕の雨上級"
"Barrage - Master","弾幕の雨 超級","弾幕の雨超級"
"Forest Cat Dragon - Legend","森猫龍 地獄級","森猫龍地獄級"
"Twilight in the Sky - Expert","宵闇の空 上級","宵闇の空上級"
"Thoth & Sopdet Descended!","トト＆ソティス 降臨！","ﾄﾄ&ｿﾃｲｽ降臨"
"龍爪の轍 - Legend","龍爪の轍 地獄級","龍爪の轍地獄級"
"Five Roaring Dragons - Legend","五龍咆哮 地獄級","五龍咆哮地獄級"
"Twilight in the Sky - Master","宵闇の空 超級","宵闇の空超級"
"ガンフェス前夜祭杯","ガンフェス前夜祭杯","ｶﾞﾝﾌｴｽ前夜祭杯"
"Wind Mechdragon","風の機械龍","風の機械龍"
"Alert! Metal Dragons!","【緊急】メタドラ大発生！","[緊急]ﾒﾀﾄﾞﾗ大発生"
"Star of Justice - Int","正義の星 中級","正義の星中級"
"Zeus Descended!","全能神","全能神"
"Absolute Zero - Int","絶対零度 中級","絶対零度中級"
"Ruby Altar 2","紅玉の祭壇 2","紅玉の祭壇2"
"Gotham - Int","ゴッサム 中級","ｺﾞﾂｻﾑ中級"
"Impregnable - Int","難攻不落 中級","難攻不落中級"
"魔人復活 - Novice","魔人復活 初級","魔人復活初級"
"God of Brawn - Mythical","剛戦神 超地獄級","剛戦神超地獄級"
"Beef Bowl Dragon - Mythical","牛飯龍 超地獄級","牛飯龍超地獄級"
"Titan Ambush - Mythical","巨人奇襲 超地獄級","巨人奇襲超地獄級"
"GROOVE COASTER Collab","グルーヴコースター コラボ","ｸﾞﾙ-ｳﾞｺ-ｽﾀ-ｺﾗﾎﾞ"
"Red Giant","剛腕の巨人","剛腕の巨人"
"Poringing! - Master","ポリンと！ 超級","ﾎﾟﾘﾝと超級"
"Sea-God of Heaven 2","天海神 2","天海神2"
"King of Darkness","暗闇の王","暗闇の王"
"Armored Blade Dragon","重剣龍","重剣龍"
"Soul Society - Master","尸魂界 超級","尸魂界超級"
"Frost Woods","樹氷の森","樹氷の森"
"Vesta Cave","ヴェスティーア大空洞","ｳﾞｴｽﾃｲ-ｱ大空洞"
"牛羯星龍 - Mythical","牛羯星龍 超地獄級","牛羯星龍超地獄級"
"Scarlet Snake Princess - Novice","紅の蛇姫 初級","紅の蛇姫初級"
"Fire Serpent 2","炎の大蛇 2","炎の大蛇2"
"Garden of the Princess - Master","姫の庭園 超級","姫の庭園超級"
"Ancient Dragons' Mystic Realm","歴龍の大魔境","歴龍の大魔境"
"Garden of the Princess - Expert","姫の庭園 上級","姫の庭園上級"
"Castle of Satan","魔王の城","魔王の城"
"Keeper of the Gold - Mythical","黄金兵 超地獄級","黄金兵超地獄級"
"Costume Party - Bustling","仮装祭 盛況","仮装祭盛況"
"CD Collaboration","CDコラボ ( テクニカル )","CDｺﾗﾎﾞ[ﾃｸﾆｶﾙ]"
"煌と地の鉄星龍","煌と地の鉄星龍 ( 光属性強化 )","煌と地の鉄星龍[光属性強化]"
"Star-Breaking Dragon 2","星砕く岩砕龍 2","星砕く岩砕龍2"
"Light Faerie - Int","光妖精 中級","光妖精中級"
"Silver Labyrinth","白銀の迷路","白銀の迷路"
"Green Pirate Dragon","碧の海賊龍","碧の海賊龍"
"Beelzebub Descended!","狂皇子","狂皇子"
"Claw of Judgment 2","裁きの爪痕 2","裁きの爪痕2"
"Dragon Bed - Expert","龍の寝床 上級","龍の寝床上級"
"Alt. Aither Desert","裏・アイテール砂漠","裏ｱｲﾃ-ﾙ砂漠"
"General Yan - Master","燕将軍 超級","燕将軍超級"
"Honorable Dragon - Legend","義愛龍 地獄級","義愛龍地獄級"
"Green Hero","緑の勇者","緑の勇者"
"Grand Dragon Cat - Master","八猫龍 超級","八猫龍超級"
"溟鮫龍 - Int","溟鮫龍 中級","溟鮫龍中級"
"Fire Toydragon of the Shrine","祠の玩炎龍","祠の玩炎龍"
"Dragon Bed - Master","龍の寝床 超級","龍の寝床超級"
"Fried Cutlet Dragon - Master","揚勝龍 超級","揚勝龍超級"
"Scarlet Descended!","灼冥魔","灼冥魔"
"Grand Dragon Cat - Expert","八猫龍 上級","八猫龍上級"
"Armor-Breaking Sword - Int","鎧砕く剣 中級","鎧砕く剣中級"
"Thump! - Oni","ドン！ おに","ﾄﾞﾝおに"
"Wood Labyrinth - Master","木の迷路 超級","木の迷路超級"
"Monday Dungeon","月曜ダンジョン","月曜ﾀﾞﾝｼﾞﾖﾝ"
"Visit Shrine of the New Year 1","正月参り 1日目","正月参り1日目"
"Gold Cove - Master","金の海窟 超級","金の海窟超級"
"Annihilator of the Void","大穴の殲滅者","大穴の殲滅者"
"Metal/Gold Dungeon","メタゴルダンジョン","ﾒﾀｺﾞﾙﾀﾞﾝｼﾞﾖﾝ"
"Forest Cat Dragon - Master","森猫龍 超級","森猫龍超級"
"Lava Dragon of Mantle 2","マントルの溶岩龍 2","ﾏﾝﾄﾙの溶岩龍2"
"Fried Cutlet Dragon - Expert","揚勝龍 上級","揚勝龍上級"
"Tunnel Dragon","坑道の猛龍","坑道の猛龍"
"Fire Labyrinth - Int","火の迷路 中級","火の迷路中級"
"Sky Dragon of Darkness","闇の天空龍 ( 回復なし )","闇の天空龍[回復なし]"
"Room of Gaia 2","大地の間 2","大地の間2"
"Singing Mermaid","謳う人魚","謳う人魚"
"Lv3 - Fire / Water / Dark","Lv3 火水闇","LV3火水闇"
"Music Dragon","音楽龍","音楽龍"
"Holy Night Festival - Int","聖夜祭 中級","聖夜祭中級"
"Challenge Dungeons! 16","チャレンジダンジョン！16 ( 特殊 )","ﾁﾔﾚﾝｼﾞﾀﾞﾝｼﾞﾖﾝ16[特殊]"
"Honey Insect Dragon - Mythical","蜜蟲龍 超地獄級","蜜蟲龍超地獄級"
"Netherworld - Expert","無の狭間 上級","無の狭間上級"
"Giant Guards","巨大なる近衛兵","巨大なる近衛兵"
"Leonine King - Legend","獅王獣 地獄級","獅王獣地獄級"
"Sandalphon Descended - No Dupes","サンダルフォン 同キャラ禁止","ｻﾝﾀﾞﾙﾌｵﾝ同ｷﾔﾗ禁止"
"Mechdragon Rush!","機械龍ラッシュ！","機械龍ﾗﾂｼﾕ"
"Piggy Island 2 - Int","ピギー島２ 中級","ﾋﾟｷﾞ-島2中級"
"Netherworld - Master","無の狭間 超級","無の狭間超級"
"Heracles Descended!","ヘラクレス 降臨！","ﾍﾗｸﾚｽ降臨"
"Revenge of the King Dragons","キンドラ大逆襲！","ｷﾝﾄﾞﾗ大逆襲"
"Dark Dragon Knights","闇夜の龍騎士","闇夜の龍騎士"
"Great Dragon of the Abyss","深海の大海龍","深海の大海龍"
"Fire Faerie - Novice","火妖精 初級","火妖精初級"
"Metropolis Memorial - Mythical","メトロポリス 超地獄級","ﾒﾄﾛﾎﾟﾘｽ超地獄級"
"Blue Bowl Dragon","青の丼龍 ( 水木光３色限定 )","青の丼龍[水木光3色限定]"
"The King's Protectors 2","王を守る者 2","王を守る者2"
"Green Guardian","緑の守護龍","緑の守護龍"
"Storm Corridor","暴風の回廊","暴風の回廊"
"The Cruncher","噛み砕くもの","噛み砕くもの"
"Sea Bowl Demon - Expert","海の丼魔 上級","海の丼魔上級"
"Alt. Frozen Soil of Prosell","裏・プローセル凍土 ( 全属性必須 )","裏ﾌﾟﾛ-ｾﾙ凍土[全属性必須]"
"Land of the Rising Sun - Mythical Plus","日出国 超絶地獄級","日出国超絶地獄級"
"Bearded & Fanged Mechanical Dragons - Mythical","髭牙機龍 超地獄級","髭牙機龍超地獄級"
"Kamameshi Dragon - Int","釜飯龍 中級","釜飯龍中級"
"Beef Bowl Dragon - Expert","牛飯龍 上級","牛飯龍上級"
"Lv1 - Fire / Wood / Light","Lv1 火木光","LV1火木光"
"Deus ex Machina Descended!","デウス＝エクス＝マキナ 降臨！","ﾃﾞｳｽ=ｴｸｽ=ﾏｷﾅ降臨"
"Hera-Beorc Descended!","創樹妃","創樹妃"
"Experience of a Lifetime","一度きりの超絶経験値","-度きりの超絶経験値"
"Forest Cat Dragon - Expert","森猫龍 上級","森猫龍上級"
"溟鮫龍 - Mythical","溟鮫龍 超地獄級","溟鮫龍超地獄級"
"Zhou Yu!!-All Att. Req. - All Att Needed","美周郎 全属性必須","美周郎全属性必須"
"Gold Cove - Expert","金の海窟 上級","金の海窟上級"
"Genie of the Lamp 2","ランプの魔神 2","ﾗﾝﾌﾟの魔神2"
"5 Dragons Activate - Expert","五龍起動 上級","五龍起動上級"
"Red Cove - Expert","紅の海窟 上級","紅の海窟上級"
"Beef Bowl Dragon - Master","牛飯龍 超級","牛飯龍超級"
"Black Skydragon - Legend","黒き天空龍 地獄級","黒き天空龍地獄級"
"Scarlet Stone Blade Dragon - Legend","緋石の刃龍 地獄級","緋石の刃龍地獄級"
"Lv10 - Physical & Dragon Enchance","Lv10 体力ドラゴン強","LV10体力ﾄﾞﾗｺﾞﾝ強"
"True Nightmare","悪夢の具現","悪夢の具現"
"Sea Bowl Demon - Master","海の丼魔 超級","海の丼魔超級"
"Kanetsugu!","カネツグ 降臨！ ( 全属性必須 )","ｶﾈﾂｸﾞ降臨[全属性必須]"
"5 Dragons Activate - Master","五龍起動 超級","五龍起動超級"
"Red Cove - Master","紅の海窟 超級","紅の海窟超級"
"Sonia Gran Descended!","継界龍","継界龍"
"True Dragon Realm - Legend Plus","真龍界 絶地獄級","真龍界絶地獄級"
"Three Dragons","三龍の集い","三龍の集い"
"Alt. Junos Island","裏・ジュノース島 ( 全属性必須 )","裏ｼﾞﾕﾉ-ｽ島[全属性必須]"
"魚双星龍 - Master","魚双星龍 超級","魚双星龍超級"
"Light Carnival","光のアンケートカーニバル","光のｱﾝｹ-ﾄｶ-ﾆﾊﾞﾙ"
"年末特番プレゼント","無限回廊攻略記念","無限回廊攻略記念"
"Lv7 - Attacker & Machine Enchanced","Lv7 攻撃マシン強化","LVﾌ攻撃ﾏｼﾝ強化"
"Room of Shadow 2","陰影の間 2","陰影の間2"
"女神チャレンジ！","女神降臨！","女神降臨"
"Wind Fairies","風の妖精","風の妖精"
"Journey to the West","西遊記 降臨！","西遊記降臨"
"Tiny Island - Master","タイニー島 超級","ﾀｲﾆ-島超級"
"Satan Tournament - No Dupes","サタン杯 同キャラ禁止","ｻﾀﾝ杯同ｷﾔﾗ禁止"
"Nameless Soldiers' Souls 2","名もなき英霊 2","名もなき英霊2"
"Challenge Dungeons! 24","チャレンジダンジョン！24","ﾁﾔﾚﾝｼﾞﾀﾞﾝｼﾞﾖﾝ24"
"Mantis Dragon - Master","鎌蟲龍 超級","鎌蟲龍超級"
"Challenge Dungeons! 23","チャレンジダンジョン！23","ﾁﾔﾚﾝｼﾞﾀﾞﾝｼﾞﾖﾝ23"
"Challenge Dungeons! 25","チャレンジダンジョン！25","ﾁﾔﾚﾝｼﾞﾀﾞﾝｼﾞﾖﾝ25"
"Fortdragon of the Shrine 2","祠の砦龍 2","祠の砦龍2"
"Orange Backwater - Expert","橙の僻地 上級","橙の僻地上級"
"Grimoires Descended!","グリモワール 降臨！","ｸﾞﾘﾓﾜ-ﾙ降臨"
"Glimpse of Death","死の片鱗","死の片鱗"
"Singing Mermaid 2","謳う人魚 2","謳う人魚2"
"Hatsumode - Master","初参り 超級","初参り超級"
"Sorceress - Mythical","魔導姫 超地獄級","魔導姫超地獄級"
"Challenge Dungeons! 20","チャレンジダンジョン！20","ﾁﾔﾚﾝｼﾞﾀﾞﾝｼﾞﾖﾝ20"
"Moon Death Dragon","死を呼ぶ月の龍","死を呼ぶ月の龍"
"Dragon's Dogma Collab","ドラゴンズドグマ コラボ","ﾄﾞﾗｺﾞﾝｽﾞﾄﾞｸﾞﾏｺﾗﾎﾞ"
"Challenge Dungeons! 22","チャレンジダンジョン！22","ﾁﾔﾚﾝｼﾞﾀﾞﾝｼﾞﾖﾝ22"
"Hell Demon - Special","灼冥魔 特殊","灼冥魔特殊"
"Challenge Dungeons! 21","チャレンジダンジョン！21","ﾁﾔﾚﾝｼﾞﾀﾞﾝｼﾞﾖﾝ21"
"Guardian Dragon of God 2","神を守りし龍 2","神を守りし龍2"
"Hatsumode - Expert","初参り 上級","初参り上級"
"Tricolor Dungeon - Legend","3色限定 地獄級","3色限定地獄級"
"Underground Fire Lake 2","灼熱の地底湖 2","灼熱の地底湖2"
"Challenge Dungeons! 17","チャレンジダンジョン！17","ﾁﾔﾚﾝｼﾞﾀﾞﾝｼﾞﾖﾝ1ﾌ"
"Frozen Hell Demon - Mythical","凍冥魔 超地獄級","凍冥魔超地獄級"
"Challenge Dungeons! 19","チャレンジダンジョン！19","ﾁﾔﾚﾝｼﾞﾀﾞﾝｼﾞﾖﾝ19"
"Challenge Dungeons! 18","チャレンジダンジョン！18","ﾁﾔﾚﾝｼﾞﾀﾞﾝｼﾞﾖﾝ18"
"Legendary Blizzard Dragon","伝説の氷龍","伝説の氷龍"
"Challenge Dungeons! 13","チャレンジダンジョン！13","ﾁﾔﾚﾝｼﾞﾀﾞﾝｼﾞﾖﾝ13"
"Challenge Dungeons! 12","チャレンジダンジョン！12","ﾁﾔﾚﾝｼﾞﾀﾞﾝｼﾞﾖﾝ12"
"Creeping Evil Hand","忍び寄る魔手","忍び寄る魔手"
"Shadow of Destruction - Int","破滅の影 中級","破滅の影中級"
"Devil Challenge!","デビルチャレンジ！ ( ノーコン )","ﾃﾞﾋﾞﾙﾁﾔﾚﾝｼﾞ[ﾉ-ｺﾝ]"
"Challenge Dungeons! 15","チャレンジダンジョン！15","ﾁﾔﾚﾝｼﾞﾀﾞﾝｼﾞﾖﾝ15"
"Challenge Dungeons! 14","チャレンジダンジョン！14","ﾁﾔﾚﾝｼﾞﾀﾞﾝｼﾞﾖﾝ14"
"Mantis Dragon - Expert","鎌蟲龍 上級","鎌蟲龍上級"
"魚双星龍 - Expert","魚双星龍 上級","魚双星龍上級"
"Blade of Justice - Int","正義の刃 中級","正義の刃中級"
"Queen of the Gods 2","神王の妃 2","神王の妃2"
"Dark Night Sword - Int","闇夜の剣 中級","闇夜の剣中級"
"Hello Kitty Collab","ハローキティ コラボ","ﾊﾛ-ｷﾃｲｺﾗﾎﾞ"
"Water & Dark Paired Dragons - Legend","水闇対龍 地獄級","水闇対龍地獄級"
"Orange Backwater - Master","橙の僻地 超級","橙の僻地超級"
"Challenge Dungeons! 11","チャレンジダンジョン！11","ﾁﾔﾚﾝｼﾞﾀﾞﾝｼﾞﾖﾝ11"
"Challenge Dungeons! 10","チャレンジダンジョン！10","ﾁﾔﾚﾝｼﾞﾀﾞﾝｼﾞﾖﾝ10"
"Tiny Island - Expert","タイニー島 上級","ﾀｲﾆ-島上級"
"Shrine of Spirits","精霊の祠","精霊の祠"
"Eyes Burning with Anger 2","怒りに燃える瞳 2","怒りに燃える瞳2"
"Alt. Creek of Neleus","裏・ネレウスの入江","裏ﾈﾚｳｽの入江"
"Crimson Dragon","赤き龍","赤き龍"
"Challenge Descended! 14","降臨チャレンジ！14 ( ノーコン )","降臨ﾁﾔﾚﾝｼﾞ14[ﾉ-ｺﾝ]"
"Challenge Descended! 11","降臨チャレンジ！11 ( ノーコン )","降臨ﾁﾔﾚﾝｼﾞ11[ﾉ-ｺﾝ]"
"Polar Night Tower","極夜の塔","極夜の塔"
"Hopping Insect Dragon - Legend","跳蟲龍 地獄級","跳蟲龍地獄級"
"Lv10 - No Dupes","Lv10 同キャラ禁止","LV10同ｷﾔﾗ禁止"
"Fire Faerie - Master","火妖精 超級","火妖精超級"
"Fire Faerie - Expert","火妖精 上級","火妖精上級"
"Devil's Domain - No Dupes","天魔界 同キャラ禁止","天魔界同ｷﾔﾗ禁止"
"Eternal Waterfall 2","悠久の滝 2","悠久の滝2"
"Corridors of Illusion 2","幻影の回廊 2","幻影の回廊2"
"Hatsumode - New Year's Greetings","初参り 迎春","初参り迎春"
"Dungeon of Fire","火のダンジョン","火のﾀﾞﾝｼﾞﾖﾝ"
"Gods of Starry Wisdom - Legend","星知神 地獄級","星知神地獄級"
"Topaz Defenders","黄玉の守り手","黄玉の守り手"
"Flower Fairies 2","大花の妖精 2","大花の妖精2"
"Thump! - Normal","ドン！ ふつう","ﾄﾞﾝふつう"
"Costume Party - Super Bustling","仮装祭 超盛況","仮装祭超盛況"
"魔人復活 - 改級","魔人復活 改級","魔人復活改級"
"Lava Dragon of Mantle","マントルの溶岩龍","ﾏﾝﾄﾙの溶岩龍"
"Red Skies","緋天の空","緋天の空"
"Blackgate Prison - Master","闇夜の檻 超級","闇夜の檻超級"
"Corpse Wyrm - Dragons Only","屍霊龍 ドラゴン限定","屍霊龍ﾄﾞﾗｺﾞﾝ限定"
"Abandoned City","棄てられた都市","棄てられた都市"
"Dragon Knights","龍の騎士","龍の騎士"
"Wood Carnival","木のアンケートカーニバル","木のｱﾝｹ-ﾄｶ-ﾆﾊﾞﾙ"
"Attack on Titan Collab","進撃の巨人 コラボ","進撃の巨人ｺﾗﾎﾞ"
"Shooting Star Woods","星降りの樹海","星降りの樹海"
"Saint Seiya Collab","聖闘士星矢 コラボ","聖闘士星矢ｺﾗﾎﾞ"
"Famitsu App Collab","ネッキーとの遭遇","ﾈﾂｷ-との遭遇"
"Dual Weapons","2対の兵器","2対の兵器"
"Yamatsumi Descended! - N/A","ヤマツミ 降臨！ N/A","ﾔﾏﾂﾐ降臨N/A"
"Water Carnival","水のアンケートカーニバル","水のｱﾝｹ-ﾄｶ-ﾆﾊﾞﾙ"
"Dungeon of Sapphire Dragons","サファドラダンジョン","ｻﾌｱﾄﾞﾗﾀﾞﾝｼﾞﾖﾝ"
"Fire & Light Paired Dragons - Int","火光対龍 中級","火光対龍中級"
"Poringing! - Expert","ポリンと！ 上級","ﾎﾟﾘﾝと上級"
"Luxurious Concealed Dog Dragon - Master","茂隠犬龍 超級","茂隠犬龍超級"
"Diva in a Sea of Clouds","雲海の歌姫","雲海の歌姫"
"Thump! - Hard","ドン！ むずかしい","ﾄﾞﾝむずかしい"
"Tricolor Dungeon - Novice","3色限定 初級","3色限定初級"
"King of the Gods 2","神々の王 2","神々の王2"
"Monster Hunter 4G Collab","モンスターハンター4G コラボ","ﾓﾝｽﾀ-ﾊﾝﾀ-4Gｺﾗﾎﾞ"
"Forest Cat Dragon - Mythical","森猫龍 超地獄級","森猫龍超地獄級"
"Gate to the Mystic Land","秘境への入り口","秘境への入り口"
"Kanetsugu!-All Att. Req. - All Att Needed","義愛龍 全属性必須","義愛龍全属性必須"
"Blackgate Prison - Expert","闇夜の檻 上級","闇夜の檻上級"
"Angry Birds Epic Collab","アングリーバードエピック コラボ","ｱﾝｸﾞﾘ-ﾊﾞ-ﾄﾞｴﾋﾟﾂｸｺﾗﾎﾞ"
"Sunless Road 2","陽を知らぬ道 2","陽を知らぬ道2"
"Luxurious Concealed Dog Dragon - Expert","茂隠犬龍 上級","茂隠犬龍上級"
"Tabby Dragon - Master","虎猫龍 超級","虎猫龍超級"
"Sea Dragon of Ice","氷塊の海龍","氷塊の海龍"
"Annihilator of the Void 2","大穴の殲滅者 2","大穴の殲滅者2"
"女獅星龍 - Expert","女獅星龍 上級","女獅星龍上級"
"Scarlet Snake Princess - Master","アンケートダンジョン4 超級","ｱﾝｹ-ﾄﾀﾞﾝｼﾞﾖﾝ4超級"
"Lv3 - Water / Wood / Dark","Lv3 水木闇","LV3水木闇"
"Fire Serpent","炎の大蛇","炎の大蛇"
"Lv1 - Fire / Water / Dark","Lv1 火水闇","LV1火水闇"
"Blue Backwater - Int","蒼の僻地 中級","蒼の僻地中級"
"Alt. Ocean of Heaven","裏・天上の海原 ( 全属性必須 )","裏天上の海原[全属性必須]"
"Wadatsumi Tournament - No Dupes","ワダツミ杯 同キャラ禁止","ﾜﾀﾞﾂﾐ杯同ｷﾔﾗ禁止"
"Ark Deity - Legend Plus","聖舶神 絶地獄級","聖舶神絶地獄級"
"Mystic Labyrinth Bird","迷宮の怪鳥","迷宮の怪鳥"
"A Gift from the World Tree","天樹からの贈り物","天樹からの贈り物"
"Guardian of the Creek 2","入江の守護神 2","入江の守護神2"
"Phantom Bamboo Grove","幻の竹林","幻の竹林"
"Divinegon's Den","龍神の棲む地","龍神の棲む地"
"Cauchemar Descended!","魔公子","魔公子"
"女獅星龍 - Master","女獅星龍 超級","女獅星龍超級"
"The Goddess Descended! - Healer Enchanced","女神 降臨！ 回復強化","女神降臨回復強化"
"起源龍 - Annihilation","起源龍 壊滅級","起源龍壊滅級"
"Ark Deity - Legend","聖舶神 地獄級","聖舶神地獄級"
"Dragons of Flame","炎の龍達","炎の龍達"
"Garden of the Princess - Legend","姫の庭園 地獄級","姫の庭園地獄級"
"Gate of the Giant","巨人の門","巨人の門"
"Cage of the Beast 2","魔獣の檻 2","魔獣の檻2"
